MSA,Date,Visits,Transactions
"Atlanta-Sandy Springs-Alpharetta, GA",6/1/2021,608,24
"Atlanta-Sandy Springs-Alpharetta, GA",7/1/2021,811,16
"Atlanta-Sandy Springs-Alpharetta, GA",3/1/2021,811,41
"Atlanta-Sandy Springs-Alpharetta, GA",4/1/2021,608,24
"Atlanta-Sandy Springs-Alpharetta, GA",6/1/2022,669,7
"Atlanta-Sandy Springs-Alpharetta, GA",5/1/2021,608,12
"Atlanta-Sandy Springs-Alpharetta, GA",8/1/2021,811,41
"Atlanta-Sandy Springs-Alpharetta, GA",7/1/2022,892,27
"Atlanta-Sandy Springs-Alpharetta, GA",9/1/2021,879,9
"Atlanta-Sandy Springs-Alpharetta, GA",5/1/2022,669,20
"Atlanta-Sandy Springs-Alpharetta, GA",12/1/2020,879,35
"Atlanta-Sandy Springs-Alpharetta, GA",8/1/2022,892,18
"Atlanta-Sandy Springs-Alpharetta, GA",10/1/2021,879,44
"Atlanta-Sandy Springs-Alpharetta, GA",1/1/2022,967,19
"Atlanta-Sandy Springs-Alpharetta, GA",1/1/2021,879,44
"Atlanta-Sandy Springs-Alpharetta, GA",4/1/2022,669,33
"Atlanta-Sandy Springs-Alpharetta, GA",2/1/2021,946,19
"Atlanta-Sandy Springs-Alpharetta, GA",11/1/2021,879,44
"Atlanta-Sandy Springs-Alpharetta, GA",3/1/2022,892,36
"Atlanta-Sandy Springs-Alpharetta, GA",9/1/2022,967,39
"Atlanta-Sandy Springs-Alpharetta, GA",12/1/2021,879,44
"Atlanta-Sandy Springs-Alpharetta, GA",2/1/2022,1041,10
"Atlanta-Sandy Springs-Alpharetta, GA",10/1/2022,967,39
"Atlanta-Sandy Springs-Alpharetta, GA",11/1/2022,967,10
"Atlanta-Sandy Springs-Alpharetta, GA",1/1/2022,967,10
"Atlanta-Sandy Springs-Alpharetta, GA",7/1/2021,811,16
"Atlanta-Sandy Springs-Alpharetta, GA",2/1/2022,1041,10
"Atlanta-Sandy Springs-Alpharetta, GA",9/1/2022,967,10
"Atlanta-Sandy Springs-Alpharetta, GA",1/1/2022,967,39
"Atlanta-Sandy Springs-Alpharetta, GA",2/1/2021,946,9
"Atlanta-Sandy Springs-Alpharetta, GA",3/1/2021,811,16
"Atlanta-Sandy Springs-Alpharetta, GA",8/1/2021,811,41
"Atlanta-Sandy Springs-Alpharetta, GA",10/1/2021,879,18
"Atlanta-Sandy Springs-Alpharetta, GA",5/1/2022,669,7
"Atlanta-Sandy Springs-Alpharetta, GA",8/1/2022,892,45
"Austin-Round Rock-Georgetown, TX",3/1/2021,913,9
"Austin-Round Rock-Georgetown, TX",4/1/2021,685,34
"Austin-Round Rock-Georgetown, TX",6/1/2021,685,14
"Austin-Round Rock-Georgetown, TX",7/1/2021,913,18
"Austin-Round Rock-Georgetown, TX",8/1/2021,913,18
"Austin-Round Rock-Georgetown, TX",5/1/2022,1171,35
"Austin-Round Rock-Georgetown, TX",9/1/2021,989,40
"Austin-Round Rock-Georgetown, TX",5/1/2021,685,27
"Austin-Round Rock-Georgetown, TX",4/1/2022,1171,59
"Austin-Round Rock-Georgetown, TX",10/1/2021,989,40
"Austin-Round Rock-Georgetown, TX",3/1/2022,1561,47
"Austin-Round Rock-Georgetown, TX",1/1/2021,989,40
"Austin-Round Rock-Georgetown, TX",12/1/2020,989,30
"Austin-Round Rock-Georgetown, TX",1/1/2022,1691,34
"Austin-Round Rock-Georgetown, TX",11/1/2021,989,49
"Austin-Round Rock-Georgetown, TX",6/1/2022,1171,35
"Austin-Round Rock-Georgetown, TX",2/1/2021,1065,32
"Austin-Round Rock-Georgetown, TX",2/1/2022,1821,55
"Austin-Round Rock-Georgetown, TX",7/1/2022,1561,78
"Austin-Round Rock-Georgetown, TX",12/1/2021,989,40
"Austin-Round Rock-Georgetown, TX",8/1/2022,1561,31
"Austin-Round Rock-Georgetown, TX",9/1/2022,1691,17
"Austin-Round Rock-Georgetown, TX",10/1/2022,1691,34
"Austin-Round Rock-Georgetown, TX",11/1/2022,1691,17
"Austin-Round Rock-Georgetown, TX",3/1/2021,913,46
"Austin-Round Rock-Georgetown, TX",6/1/2021,685,27
"Austin-Round Rock-Georgetown, TX",1/1/2022,1691,17
"Austin-Round Rock-Georgetown, TX",4/1/2021,685,34
"Austin-Round Rock-Georgetown, TX",12/1/2020,989,49
"Austin-Round Rock-Georgetown, TX",2/1/2021,1065,11
"Austin-Round Rock-Georgetown, TX",7/1/2021,913,9
"Austin-Round Rock-Georgetown, TX",8/1/2021,913,37
"Austin-Round Rock-Georgetown, TX",10/1/2021,989,20
"Austin-Round Rock-Georgetown, TX",3/1/2022,1561,78
"Austin-Round Rock-Georgetown, TX",9/1/2022,1691,51
"Austin-Round Rock-Georgetown, TX",9/1/2021,989,40
"Austin-Round Rock-Georgetown, TX",12/1/2021,989,30
"Austin-Round Rock-Georgetown, TX",11/1/2021,989,20
"Austin-Round Rock-Georgetown, TX",2/1/2022,1821,91
"Austin-Round Rock-Georgetown, TX",10/1/2022,1691,85
"Austin-Round Rock-Georgetown, TX",1/1/2021,989,40
"Austin-Round Rock-Georgetown, TX",5/1/2021,685,7
"Austin-Round Rock-Georgetown, TX",4/1/2022,1171,12
"Austin-Round Rock-Georgetown, TX",5/1/2022,1171,47
"Austin-Round Rock-Georgetown, TX",6/1/2022,1171,47
"Austin-Round Rock-Georgetown, TX",1/1/2021,989,40
"Austin-Round Rock-Georgetown, TX",2/1/2021,1065,53
"Austin-Round Rock-Georgetown, TX",1/1/2022,1691,85
"Austin-Round Rock-Georgetown, TX",4/1/2022,1171,35
"Austin-Round Rock-Georgetown, TX",10/1/2022,1691,85
"Austin-Round Rock-Georgetown, TX",8/1/2022,1561,31
"Austin-Round Rock-Georgetown, TX",11/1/2022,1691,34
"Baltimore-Columbia-Towson, MD",3/1/2021,1217,49
"Baltimore-Columbia-Towson, MD",4/1/2021,913,46
"Baltimore-Columbia-Towson, MD",6/1/2021,913,18
"Baltimore-Columbia-Towson, MD",7/1/2021,1217,12
"Baltimore-Columbia-Towson, MD",8/1/2021,1217,24
"Baltimore-Columbia-Towson, MD",5/1/2021,913,18
"Baltimore-Columbia-Towson, MD",5/1/2022,1296,39
"Baltimore-Columbia-Towson, MD",4/1/2022,1296,65
"Baltimore-Columbia-Towson, MD",9/1/2021,1318,40
"Baltimore-Columbia-Towson, MD",2/1/2021,1420,43
"Baltimore-Columbia-Towson, MD",6/1/2022,1296,65
"Baltimore-Columbia-Towson, MD",3/1/2022,1728,86
"Baltimore-Columbia-Towson, MD",8/1/2022,1728,35
"Baltimore-Columbia-Towson, MD",1/1/2022,1872,37
"Baltimore-Columbia-Towson, MD",7/1/2022,1728,35
"Baltimore-Columbia-Towson, MD",10/1/2021,1318,53
"Baltimore-Columbia-Towson, MD",11/1/2021,1318,53
"Baltimore-Columbia-Towson, MD",12/1/2021,1318,40
"Baltimore-Columbia-Towson, MD",2/1/2022,2016,101
"Baltimore-Columbia-Towson, MD",1/1/2021,1318,26
"Baltimore-Columbia-Towson, MD",9/1/2022,1872,37
"Baltimore-Columbia-Towson, MD",12/1/2020,1318,53
"Baltimore-Columbia-Towson, MD",10/1/2022,1872,37
"Baltimore-Columbia-Towson, MD",11/1/2022,1872,37
"Baltimore-Columbia-Towson, MD",2/1/2022,2016,60
"Boston-Cambridge-Newton, MA-NH",3/1/2021,913,18
"Boston-Cambridge-Newton, MA-NH",4/1/2021,685,7
"Boston-Cambridge-Newton, MA-NH",8/1/2021,913,37
"Boston-Cambridge-Newton, MA-NH",7/1/2021,913,9
"Boston-Cambridge-Newton, MA-NH",6/1/2021,685,7
"Boston-Cambridge-Newton, MA-NH",5/1/2021,685,34
"Boston-Cambridge-Newton, MA-NH",1/1/2022,1770,89
"Boston-Cambridge-Newton, MA-NH",9/1/2021,989,10
"Boston-Cambridge-Newton, MA-NH",3/1/2022,1634,33
"Boston-Cambridge-Newton, MA-NH",2/1/2021,1065,21
"Boston-Cambridge-Newton, MA-NH",12/1/2021,989,20
"Boston-Cambridge-Newton, MA-NH",10/1/2021,989,20
"Boston-Cambridge-Newton, MA-NH",7/1/2022,1634,33
"Boston-Cambridge-Newton, MA-NH",6/1/2022,1225,12
"Boston-Cambridge-Newton, MA-NH",1/1/2021,989,20
"Boston-Cambridge-Newton, MA-NH",8/1/2022,1634,33
"Boston-Cambridge-Newton, MA-NH",2/1/2022,1906,38
"Boston-Cambridge-Newton, MA-NH",4/1/2022,1225,37
"Boston-Cambridge-Newton, MA-NH",12/1/2020,989,40
"Boston-Cambridge-Newton, MA-NH",11/1/2021,989,10
"Boston-Cambridge-Newton, MA-NH",5/1/2022,1225,49
"Boston-Cambridge-Newton, MA-NH",9/1/2022,1770,18
"Boston-Cambridge-Newton, MA-NH",10/1/2022,1770,53
"Boston-Cambridge-Newton, MA-NH",11/1/2022,1770,89
"Charlotte-Concord-Gastonia, NC-SC",6/1/2021,761,15
"Charlotte-Concord-Gastonia, NC-SC",7/1/2021,1014,41
"Charlotte-Concord-Gastonia, NC-SC",8/1/2021,1014,10
"Charlotte-Concord-Gastonia, NC-SC",4/1/2021,761,38
"Charlotte-Concord-Gastonia, NC-SC",3/1/2021,1014,30
"Charlotte-Concord-Gastonia, NC-SC",5/1/2021,761,23
"Charlotte-Concord-Gastonia, NC-SC",10/1/2021,1099,44
"Charlotte-Concord-Gastonia, NC-SC",9/1/2021,1099,22
"Charlotte-Concord-Gastonia, NC-SC",5/1/2022,456,14
"Charlotte-Concord-Gastonia, NC-SC",4/1/2022,456,9
"Charlotte-Concord-Gastonia, NC-SC",11/1/2021,1099,55
"Charlotte-Concord-Gastonia, NC-SC",1/1/2021,1099,44
"Charlotte-Concord-Gastonia, NC-SC",12/1/2020,1099,11
"Charlotte-Concord-Gastonia, NC-SC",3/1/2022,608,12
"Charlotte-Concord-Gastonia, NC-SC",2/1/2021,1183,47
"Charlotte-Concord-Gastonia, NC-SC",1/1/2022,659,26
"Charlotte-Concord-Gastonia, NC-SC",12/1/2021,1099,22
"Charlotte-Concord-Gastonia, NC-SC",2/1/2022,710,7
"Charlotte-Concord-Gastonia, NC-SC",6/1/2022,456,23
"Charlotte-Concord-Gastonia, NC-SC",7/1/2022,608,24
"Charlotte-Concord-Gastonia, NC-SC",8/1/2022,608,6
"Charlotte-Concord-Gastonia, NC-SC",9/1/2022,659,26
"Charlotte-Concord-Gastonia, NC-SC",10/1/2022,659,7
"Charlotte-Concord-Gastonia, NC-SC",11/1/2022,659,7
"Charlotte-Concord-Gastonia, NC-SC",1/1/2021,1099,55
"Charlotte-Concord-Gastonia, NC-SC",4/1/2021,761,15
"Charlotte-Concord-Gastonia, NC-SC",9/1/2022,659,26
"Charlotte-Concord-Gastonia, NC-SC",3/1/2021,1014,41
"Charlotte-Concord-Gastonia, NC-SC",12/1/2021,1099,11
"Charlotte-Concord-Gastonia, NC-SC",10/1/2022,659,33
"Charlotte-Concord-Gastonia, NC-SC",11/1/2022,659,20
"Charlotte-Concord-Gastonia, NC-SC",5/1/2021,761,23
"Charlotte-Concord-Gastonia, NC-SC",8/1/2022,608,6
"Charlotte-Concord-Gastonia, NC-SC",1/1/2021,1099,11
"Charlotte-Concord-Gastonia, NC-SC",2/1/2021,1183,47
"Charlotte-Concord-Gastonia, NC-SC",7/1/2021,1014,51
"Charlotte-Concord-Gastonia, NC-SC",8/1/2021,1014,51
"Charlotte-Concord-Gastonia, NC-SC",9/1/2021,1099,33
"Charlotte-Concord-Gastonia, NC-SC",2/1/2021,1183,35
"Charlotte-Concord-Gastonia, NC-SC",6/1/2021,761,8
"Charlotte-Concord-Gastonia, NC-SC",9/1/2021,1099,11
"Charlotte-Concord-Gastonia, NC-SC",12/1/2020,1099,55
"Charlotte-Concord-Gastonia, NC-SC",6/1/2021,761,30
"Charlotte-Concord-Gastonia, NC-SC",10/1/2021,1099,33
"Charlotte-Concord-Gastonia, NC-SC",1/1/2022,659,33
"Charlotte-Concord-Gastonia, NC-SC",2/1/2022,710,7
"Charlotte-Concord-Gastonia, NC-SC",3/1/2022,608,6
"Charlotte-Concord-Gastonia, NC-SC",4/1/2022,456,9
"Charlotte-Concord-Gastonia, NC-SC",6/1/2022,456,18
"Charlotte-Concord-Gastonia, NC-SC",12/1/2020,1099,55
"Charlotte-Concord-Gastonia, NC-SC",8/1/2021,1014,30
"Charlotte-Concord-Gastonia, NC-SC",4/1/2022,456,18
"Chicago-Naperville-Elgin, IL-IN-WI",7/1/2022,795,16
"Chicago-Naperville-Elgin, IL-IN-WI",6/1/2022,596,30
"Chicago-Naperville-Elgin, IL-IN-WI",4/1/2021,608,12
"Chicago-Naperville-Elgin, IL-IN-WI",6/1/2021,608,24
"Chicago-Naperville-Elgin, IL-IN-WI",7/1/2021,811,24
"Chicago-Naperville-Elgin, IL-IN-WI",3/1/2021,811,8
"Chicago-Naperville-Elgin, IL-IN-WI",8/1/2022,795,8
"Chicago-Naperville-Elgin, IL-IN-WI",8/1/2021,811,41
"Chicago-Naperville-Elgin, IL-IN-WI",5/1/2022,596,30
"Chicago-Naperville-Elgin, IL-IN-WI",5/1/2021,608,18
"Chicago-Naperville-Elgin, IL-IN-WI",1/1/2021,879,9
"Chicago-Naperville-Elgin, IL-IN-WI",12/1/2020,879,18
"Chicago-Naperville-Elgin, IL-IN-WI",2/1/2021,946,28
"Chicago-Naperville-Elgin, IL-IN-WI",1/1/2022,861,26
"Chicago-Naperville-Elgin, IL-IN-WI",9/1/2021,879,26
"Chicago-Naperville-Elgin, IL-IN-WI",4/1/2022,596,18
"Chicago-Naperville-Elgin, IL-IN-WI",3/1/2022,795,24
"Chicago-Naperville-Elgin, IL-IN-WI",10/1/2021,879,9
"Chicago-Naperville-Elgin, IL-IN-WI",11/1/2021,879,44
"Chicago-Naperville-Elgin, IL-IN-WI",12/1/2021,879,35
"Chicago-Naperville-Elgin, IL-IN-WI",10/1/2022,861,9
"Chicago-Naperville-Elgin, IL-IN-WI",9/1/2022,861,9
"Chicago-Naperville-Elgin, IL-IN-WI",2/1/2022,928,28
"Chicago-Naperville-Elgin, IL-IN-WI",11/1/2022,861,34
"Cincinnati, OH-KY-IN",3/1/2021,1217,49
"Cincinnati, OH-KY-IN",4/1/2021,913,46
"Cincinnati, OH-KY-IN",6/1/2021,913,9
"Cincinnati, OH-KY-IN",7/1/2021,1217,49
"Cincinnati, OH-KY-IN",2/1/2021,1420,43
"Cincinnati, OH-KY-IN",12/1/2020,1318,26
"Cincinnati, OH-KY-IN",8/1/2021,1217,37
"Cincinnati, OH-KY-IN",12/1/2021,1318,13
"Cincinnati, OH-KY-IN",5/1/2022,685,27
"Cincinnati, OH-KY-IN",4/1/2022,685,27
"Cincinnati, OH-KY-IN",1/1/2021,1318,53
"Cincinnati, OH-KY-IN",5/1/2021,913,46
"Cincinnati, OH-KY-IN",10/1/2021,1318,40
"Cincinnati, OH-KY-IN",3/1/2022,913,37
"Cincinnati, OH-KY-IN",9/1/2021,1318,40
"Cincinnati, OH-KY-IN",1/1/2022,989,20
"Cincinnati, OH-KY-IN",2/1/2022,1065,32
"Cincinnati, OH-KY-IN",6/1/2022,685,14
"Cincinnati, OH-KY-IN",11/1/2021,1318,66
"Cincinnati, OH-KY-IN",7/1/2022,913,46
"Cincinnati, OH-KY-IN",8/1/2022,913,27
"Cincinnati, OH-KY-IN",9/1/2022,989,30
"Cincinnati, OH-KY-IN",10/1/2022,989,49
"Cincinnati, OH-KY-IN",11/1/2022,989,40
"Dallas-Fort Worth-Arlington, TX",3/1/2021,811,24
"Dallas-Fort Worth-Arlington, TX",6/1/2021,608,6
"Dallas-Fort Worth-Arlington, TX",7/1/2021,811,8
"Dallas-Fort Worth-Arlington, TX",4/1/2021,608,30
"Dallas-Fort Worth-Arlington, TX",6/1/2022,736,15
"Dallas-Fort Worth-Arlington, TX",7/1/2022,982,39
"Dallas-Fort Worth-Arlington, TX",8/1/2021,811,24
"Dallas-Fort Worth-Arlington, TX",5/1/2022,736,37
"Dallas-Fort Worth-Arlington, TX",9/1/2021,879,9
"Dallas-Fort Worth-Arlington, TX",5/1/2021,608,24
"Dallas-Fort Worth-Arlington, TX",8/1/2022,982,10
"Dallas-Fort Worth-Arlington, TX",10/1/2021,879,18
"Dallas-Fort Worth-Arlington, TX",1/1/2021,879,35
"Dallas-Fort Worth-Arlington, TX",12/1/2020,879,35
"Dallas-Fort Worth-Arlington, TX",1/1/2022,1063,21
"Dallas-Fort Worth-Arlington, TX",2/1/2021,946,47
"Dallas-Fort Worth-Arlington, TX",12/1/2021,879,9
"Dallas-Fort Worth-Arlington, TX",3/1/2022,982,39
"Dallas-Fort Worth-Arlington, TX",4/1/2022,736,29
"Dallas-Fort Worth-Arlington, TX",9/1/2022,1063,11
"Dallas-Fort Worth-Arlington, TX",11/1/2021,879,18
"Dallas-Fort Worth-Arlington, TX",10/1/2022,1063,32
"Dallas-Fort Worth-Arlington, TX",11/1/2022,1063,21
"Dallas-Fort Worth-Arlington, TX",2/1/2022,1145,57
"Dallas-Fort Worth-Arlington, TX",9/1/2021,879,44
"Dallas-Fort Worth-Arlington, TX",1/1/2021,879,18
"Dallas-Fort Worth-Arlington, TX",1/1/2022,1063,32
"Dallas-Fort Worth-Arlington, TX",3/1/2021,811,41
"Dallas-Fort Worth-Arlington, TX",7/1/2021,811,24
"Dallas-Fort Worth-Arlington, TX",10/1/2021,879,35
"Dallas-Fort Worth-Arlington, TX",8/1/2021,811,8
"Dallas-Fort Worth-Arlington, TX",5/1/2021,608,18
"Dallas-Fort Worth-Arlington, TX",11/1/2021,879,26
"Dallas-Fort Worth-Arlington, TX",12/1/2021,879,26
"Dallas-Fort Worth-Arlington, TX",6/1/2021,608,6
"Dallas-Fort Worth-Arlington, TX",4/1/2022,736,29
"Dallas-Fort Worth-Arlington, TX",8/1/2022,982,49
"Dallas-Fort Worth-Arlington, TX",5/1/2022,736,37
"Dallas-Fort Worth-Arlington, TX",12/1/2020,879,26
"Dallas-Fort Worth-Arlington, TX",4/1/2021,608,6
"Dallas-Fort Worth-Arlington, TX",3/1/2022,982,39
"Dallas-Fort Worth-Arlington, TX",2/1/2021,946,9
"Dallas-Fort Worth-Arlington, TX",2/1/2022,1145,34
"Dallas-Fort Worth-Arlington, TX",6/1/2022,736,29
"Dallas-Fort Worth-Arlington, TX",10/1/2022,1063,21
"Dallas-Fort Worth-Arlington, TX",9/1/2022,1063,11
"Dallas-Fort Worth-Arlington, TX",11/1/2022,1063,11
"Dallas-Fort Worth-Arlington, TX",7/1/2022,982,29
"Dallas-Fort Worth-Arlington, TX",12/1/2020,879,44
"Dallas-Fort Worth-Arlington, TX",10/1/2021,879,44
"Dallas-Fort Worth-Arlington, TX",4/1/2021,608,12
"Dallas-Fort Worth-Arlington, TX",8/1/2021,811,32
"Dallas-Fort Worth-Arlington, TX",2/1/2021,946,38
"Dallas-Fort Worth-Arlington, TX",3/1/2021,811,8
"Dallas-Fort Worth-Arlington, TX",3/1/2022,982,10
"Dallas-Fort Worth-Arlington, TX",9/1/2022,1063,21
"Dallas-Fort Worth-Arlington, TX",7/1/2021,811,16
"Dallas-Fort Worth-Arlington, TX",11/1/2021,879,26
"Dallas-Fort Worth-Arlington, TX",3/1/2021,811,16
"Dallas-Fort Worth-Arlington, TX",9/1/2021,879,9
"Dallas-Fort Worth-Arlington, TX",1/1/2021,879,9
"Dallas-Fort Worth-Arlington, TX",2/1/2021,946,9
"Dallas-Fort Worth-Arlington, TX",4/1/2021,608,24
"Dallas-Fort Worth-Arlington, TX",4/1/2022,736,7
"Dallas-Fort Worth-Arlington, TX",12/1/2020,879,18
"Dallas-Fort Worth-Arlington, TX",6/1/2021,608,30
"Dallas-Fort Worth-Arlington, TX",7/1/2021,811,24
"Dallas-Fort Worth-Arlington, TX",4/1/2021,608,24
"Dallas-Fort Worth-Arlington, TX",6/1/2021,608,30
"Dallas-Fort Worth-Arlington, TX",3/1/2021,811,41
"Dallas-Fort Worth-Arlington, TX",6/1/2021,608,30
"Dallas-Fort Worth-Arlington, TX",8/1/2021,811,24
"Dallas-Fort Worth-Arlington, TX",1/1/2022,1063,11
"Dallas-Fort Worth-Arlington, TX",1/1/2022,1063,43
"Dallas-Fort Worth-Arlington, TX",8/1/2022,982,49
"Dallas-Fort Worth-Arlington, TX",1/1/2021,879,35
"Dallas-Fort Worth-Arlington, TX",2/1/2021,946,38
"Dallas-Fort Worth-Arlington, TX",5/1/2022,736,37
"Dallas-Fort Worth-Arlington, TX",2/1/2022,1145,23
"Dallas-Fort Worth-Arlington, TX",5/1/2022,736,15
"Dallas-Fort Worth-Arlington, TX",8/1/2021,811,16
"Dallas-Fort Worth-Arlington, TX",10/1/2021,879,18
"Dallas-Fort Worth-Arlington, TX",12/1/2021,879,18
"Dallas-Fort Worth-Arlington, TX",2/1/2022,1145,46
"Dallas-Fort Worth-Arlington, TX",10/1/2022,1063,11
"Dallas-Fort Worth-Arlington, TX",12/1/2020,879,35
"Dallas-Fort Worth-Arlington, TX",7/1/2021,811,24
"Dallas-Fort Worth-Arlington, TX",9/1/2021,879,44
"Dallas-Fort Worth-Arlington, TX",6/1/2022,736,37
"Dallas-Fort Worth-Arlington, TX",8/1/2022,982,29
"Dallas-Fort Worth-Arlington, TX",9/1/2022,1063,21
"Dallas-Fort Worth-Arlington, TX",4/1/2022,736,29
"Dallas-Fort Worth-Arlington, TX",11/1/2022,1063,11
"Dallas-Fort Worth-Arlington, TX",1/1/2022,1063,11
"Dallas-Fort Worth-Arlington, TX",4/1/2022,736,37
"Dallas-Fort Worth-Arlington, TX",6/1/2022,736,37
"Dallas-Fort Worth-Arlington, TX",9/1/2022,1063,11
"Dallas-Fort Worth-Arlington, TX",12/1/2021,879,44
"Dallas-Fort Worth-Arlington, TX",3/1/2022,982,29
"Dallas-Fort Worth-Arlington, TX",10/1/2022,1063,21
"Dallas-Fort Worth-Arlington, TX",11/1/2022,1063,43
"Dallas-Fort Worth-Arlington, TX",9/1/2021,879,9
"Dallas-Fort Worth-Arlington, TX",11/1/2021,879,44
"Dallas-Fort Worth-Arlington, TX",5/1/2021,608,12
"Dallas-Fort Worth-Arlington, TX",3/1/2022,982,39
"Dallas-Fort Worth-Arlington, TX",7/1/2022,982,20
"Dallas-Fort Worth-Arlington, TX",8/1/2022,982,39
"Dallas-Fort Worth-Arlington, TX",7/1/2022,982,29
"Dallas-Fort Worth-Arlington, TX",5/1/2021,608,12
"Dallas-Fort Worth-Arlington, TX",5/1/2022,736,37
"Dallas-Fort Worth-Arlington, TX",6/1/2021,608,12
"Denver-Aurora-Lakewood, CO",3/1/2021,913,18
"Denver-Aurora-Lakewood, CO",6/1/2021,685,21
"Denver-Aurora-Lakewood, CO",7/1/2021,913,9
"Denver-Aurora-Lakewood, CO",4/1/2021,685,34
"Denver-Aurora-Lakewood, CO",8/1/2021,913,18
"Denver-Aurora-Lakewood, CO",9/1/2021,989,49
"Denver-Aurora-Lakewood, CO",1/1/2021,989,10
"Denver-Aurora-Lakewood, CO",2/1/2021,1065,21
"Denver-Aurora-Lakewood, CO",5/1/2021,685,27
"Denver-Aurora-Lakewood, CO",12/1/2020,989,30
"Denver-Aurora-Lakewood, CO",10/1/2021,989,20
"Denver-Aurora-Lakewood, CO",5/1/2022,527,26
"Denver-Aurora-Lakewood, CO",4/1/2022,527,5
"Denver-Aurora-Lakewood, CO",1/1/2022,761,23
"Denver-Aurora-Lakewood, CO",3/1/2022,703,14
"Denver-Aurora-Lakewood, CO",11/1/2021,989,49
"Denver-Aurora-Lakewood, CO",2/1/2022,820,8
"Denver-Aurora-Lakewood, CO",12/1/2021,989,40
"Denver-Aurora-Lakewood, CO",6/1/2022,527,21
"Denver-Aurora-Lakewood, CO",7/1/2022,703,21
"Denver-Aurora-Lakewood, CO",8/1/2022,703,35
"Denver-Aurora-Lakewood, CO",9/1/2022,761,30
"Denver-Aurora-Lakewood, CO",10/1/2022,761,30
"Denver-Aurora-Lakewood, CO",11/1/2022,761,30
"Denver-Aurora-Lakewood, CO",3/1/2021,913,37
"Denver-Aurora-Lakewood, CO",4/1/2021,685,27
"Denver-Aurora-Lakewood, CO",10/1/2021,989,49
"Denver-Aurora-Lakewood, CO",8/1/2021,913,46
"Denver-Aurora-Lakewood, CO",12/1/2020,989,20
"Denver-Aurora-Lakewood, CO",1/1/2021,989,10
"Denver-Aurora-Lakewood, CO",2/1/2022,820,41
"Denver-Aurora-Lakewood, CO",6/1/2021,685,14
"Denver-Aurora-Lakewood, CO",1/1/2022,761,38
"Denver-Aurora-Lakewood, CO",3/1/2022,703,28
"Denver-Aurora-Lakewood, CO",2/1/2021,1065,43
"Denver-Aurora-Lakewood, CO",5/1/2021,685,27
"Denver-Aurora-Lakewood, CO",9/1/2021,989,30
"Denver-Aurora-Lakewood, CO",5/1/2022,527,21
"Denver-Aurora-Lakewood, CO",7/1/2022,703,14
"Denver-Aurora-Lakewood, CO",9/1/2022,761,23
"Denver-Aurora-Lakewood, CO",3/1/2022,703,35
"Detroit-Warren-Dearborn, MI",7/1/2021,1014,41
"Detroit-Warren-Dearborn, MI",6/1/2021,761,38
"Detroit-Warren-Dearborn, MI",4/1/2021,761,23
"Detroit-Warren-Dearborn, MI",8/1/2021,1014,41
"Detroit-Warren-Dearborn, MI",3/1/2021,1014,51
"Detroit-Warren-Dearborn, MI",1/1/2022,1571,31
"Detroit-Warren-Dearborn, MI",5/1/2022,1088,54
"Detroit-Warren-Dearborn, MI",12/1/2021,1099,44
"Detroit-Warren-Dearborn, MI",11/1/2021,1099,11
"Detroit-Warren-Dearborn, MI",5/1/2021,761,30
"Detroit-Warren-Dearborn, MI",9/1/2021,1099,55
"Detroit-Warren-Dearborn, MI",6/1/2022,1088,11
"Detroit-Warren-Dearborn, MI",7/1/2022,1450,15
"Detroit-Warren-Dearborn, MI",12/1/2020,1099,22
"Detroit-Warren-Dearborn, MI",10/1/2021,1099,22
"Detroit-Warren-Dearborn, MI",4/1/2022,1088,44
"Detroit-Warren-Dearborn, MI",8/1/2022,1450,73
"Detroit-Warren-Dearborn, MI",1/1/2021,1099,22
"Detroit-Warren-Dearborn, MI",2/1/2022,1692,17
"Detroit-Warren-Dearborn, MI",3/1/2022,1450,44
"Detroit-Warren-Dearborn, MI",2/1/2021,1183,24
"Detroit-Warren-Dearborn, MI",10/1/2022,1571,63
"Detroit-Warren-Dearborn, MI",9/1/2022,1571,79
"Detroit-Warren-Dearborn, MI",11/1/2022,1571,63
"Houston-The Woodlands-Sugar Land, TX",3/1/2021,1217,49
"Houston-The Woodlands-Sugar Land, TX",4/1/2021,913,37
"Houston-The Woodlands-Sugar Land, TX",6/1/2021,913,46
"Houston-The Woodlands-Sugar Land, TX",7/1/2021,1217,12
"Houston-The Woodlands-Sugar Land, TX",8/1/2021,1217,37
"Houston-The Woodlands-Sugar Land, TX",9/1/2021,1318,53
"Houston-The Woodlands-Sugar Land, TX",12/1/2020,1318,53
"Houston-The Woodlands-Sugar Land, TX",10/1/2021,1318,53
"Houston-The Woodlands-Sugar Land, TX",1/1/2021,1318,53
"Houston-The Woodlands-Sugar Land, TX",5/1/2022,1205,60
"Houston-The Woodlands-Sugar Land, TX",5/1/2021,913,27
"Houston-The Woodlands-Sugar Land, TX",12/1/2021,1318,26
"Houston-The Woodlands-Sugar Land, TX",1/1/2022,1740,70
"Houston-The Woodlands-Sugar Land, TX",11/1/2021,1318,13
"Houston-The Woodlands-Sugar Land, TX",3/1/2022,1606,48
"Houston-The Woodlands-Sugar Land, TX",4/1/2022,1205,60
"Houston-The Woodlands-Sugar Land, TX",2/1/2021,1420,71
"Houston-The Woodlands-Sugar Land, TX",2/1/2022,1874,37
"Houston-The Woodlands-Sugar Land, TX",6/1/2022,1205,60
"Houston-The Woodlands-Sugar Land, TX",7/1/2022,1606,16
"Houston-The Woodlands-Sugar Land, TX",8/1/2022,1606,32
"Houston-The Woodlands-Sugar Land, TX",9/1/2022,1740,70
"Houston-The Woodlands-Sugar Land, TX",10/1/2022,1740,52
"Houston-The Woodlands-Sugar Land, TX",11/1/2022,1740,52
"Houston-The Woodlands-Sugar Land, TX",5/1/2022,1205,12
"Houston-The Woodlands-Sugar Land, TX",11/1/2022,1740,52
"Houston-The Woodlands-Sugar Land, TX",8/1/2022,1606,80
"Houston-The Woodlands-Sugar Land, TX",11/1/2022,1740,87
"Houston-The Woodlands-Sugar Land, TX",8/1/2021,1217,24
"Houston-The Woodlands-Sugar Land, TX",9/1/2021,1318,13
"Houston-The Woodlands-Sugar Land, TX",12/1/2021,1318,53
"Houston-The Woodlands-Sugar Land, TX",6/1/2022,1205,24
"Houston-The Woodlands-Sugar Land, TX",10/1/2022,1740,87
"Houston-The Woodlands-Sugar Land, TX",3/1/2021,1217,61
"Houston-The Woodlands-Sugar Land, TX",2/1/2022,1874,94
"Las Vegas-Henderson-Paradise, NV",3/1/2021,1115,22
"Las Vegas-Henderson-Paradise, NV",4/1/2021,837,8
"Las Vegas-Henderson-Paradise, NV",7/1/2021,1115,45
"Las Vegas-Henderson-Paradise, NV",8/1/2021,1115,33
"Las Vegas-Henderson-Paradise, NV",6/1/2021,837,33
"Las Vegas-Henderson-Paradise, NV",3/1/2022,625,31
"Las Vegas-Henderson-Paradise, NV",12/1/2020,1208,60
"Las Vegas-Henderson-Paradise, NV",1/1/2022,677,20
"Las Vegas-Henderson-Paradise, NV",4/1/2022,469,14
"Las Vegas-Henderson-Paradise, NV",1/1/2021,1208,36
"Las Vegas-Henderson-Paradise, NV",9/1/2021,1208,12
"Las Vegas-Henderson-Paradise, NV",11/1/2021,1208,12
"Las Vegas-Henderson-Paradise, NV",2/1/2022,729,15
"Las Vegas-Henderson-Paradise, NV",5/1/2022,469,19
"Las Vegas-Henderson-Paradise, NV",12/1/2021,1208,36
"Las Vegas-Henderson-Paradise, NV",2/1/2021,1301,26
"Las Vegas-Henderson-Paradise, NV",10/1/2021,1208,60
"Las Vegas-Henderson-Paradise, NV",5/1/2021,837,33
"Las Vegas-Henderson-Paradise, NV",6/1/2022,469,23
"Las Vegas-Henderson-Paradise, NV",7/1/2022,625,13
"Las Vegas-Henderson-Paradise, NV",9/1/2022,677,34
"Las Vegas-Henderson-Paradise, NV",8/1/2022,625,19
"Las Vegas-Henderson-Paradise, NV",10/1/2022,677,14
"Las Vegas-Henderson-Paradise, NV",11/1/2022,677,27
"Las Vegas-Henderson-Paradise, NV",7/1/2021,1115,45
"Las Vegas-Henderson-Paradise, NV",6/1/2021,837,8
"Las Vegas-Henderson-Paradise, NV",1/1/2022,677,7
"Las Vegas-Henderson-Paradise, NV",2/1/2022,729,29
"Las Vegas-Henderson-Paradise, NV",12/1/2020,1208,48
"Las Vegas-Henderson-Paradise, NV",5/1/2021,837,42
"Las Vegas-Henderson-Paradise, NV",8/1/2022,625,19
"Las Vegas-Henderson-Paradise, NV",9/1/2022,677,7
"Las Vegas-Henderson-Paradise, NV",10/1/2022,677,20
"Las Vegas-Henderson-Paradise, NV",11/1/2022,677,34
"Las Vegas-Henderson-Paradise, NV",9/1/2021,1208,48
"Las Vegas-Henderson-Paradise, NV",10/1/2021,1208,48
"Las Vegas-Henderson-Paradise, NV",4/1/2022,469,23
"Las Vegas-Henderson-Paradise, NV",5/1/2022,469,14
"Las Vegas-Henderson-Paradise, NV",7/1/2022,625,19
"Los Angeles-Long Beach-Anaheim, CA",7/1/2022,1339,67
"Los Angeles-Long Beach-Anaheim, CA",6/1/2022,1004,50
"Los Angeles-Long Beach-Anaheim, CA",3/1/2021,811,16
"Los Angeles-Long Beach-Anaheim, CA",4/1/2021,608,6
"Los Angeles-Long Beach-Anaheim, CA",8/1/2021,811,32
"Los Angeles-Long Beach-Anaheim, CA",7/1/2021,811,8
"Los Angeles-Long Beach-Anaheim, CA",6/1/2021,608,6
"Los Angeles-Long Beach-Anaheim, CA",9/1/2021,879,26
"Los Angeles-Long Beach-Anaheim, CA",10/1/2021,879,44
"Los Angeles-Long Beach-Anaheim, CA",2/1/2021,946,47
"Los Angeles-Long Beach-Anaheim, CA",5/1/2022,1004,20
"Los Angeles-Long Beach-Anaheim, CA",4/1/2022,1004,40
"Los Angeles-Long Beach-Anaheim, CA",8/1/2022,1339,13
"Los Angeles-Long Beach-Anaheim, CA",12/1/2020,879,44
"Los Angeles-Long Beach-Anaheim, CA",3/1/2022,1339,27
"Los Angeles-Long Beach-Anaheim, CA",1/1/2021,879,26
"Los Angeles-Long Beach-Anaheim, CA",1/1/2022,1450,29
"Los Angeles-Long Beach-Anaheim, CA",11/1/2021,879,44
"Los Angeles-Long Beach-Anaheim, CA",9/1/2022,1450,44
"Los Angeles-Long Beach-Anaheim, CA",10/1/2022,1450,44
"Los Angeles-Long Beach-Anaheim, CA",2/1/2022,1562,16
"Los Angeles-Long Beach-Anaheim, CA",12/1/2021,879,44
"Los Angeles-Long Beach-Anaheim, CA",5/1/2021,608,6
"Los Angeles-Long Beach-Anaheim, CA",11/1/2022,1450,15
"Miami-Fort Lauderdale-Pompano Beach, FL",3/1/2021,1115,22
"Miami-Fort Lauderdale-Pompano Beach, FL",4/1/2021,837,17
"Miami-Fort Lauderdale-Pompano Beach, FL",6/1/2021,837,33
"Miami-Fort Lauderdale-Pompano Beach, FL",12/1/2020,1208,12
"Miami-Fort Lauderdale-Pompano Beach, FL",1/1/2021,1208,60
"Miami-Fort Lauderdale-Pompano Beach, FL",2/1/2021,1301,26
"Miami-Fort Lauderdale-Pompano Beach, FL",10/1/2021,1208,12
"Miami-Fort Lauderdale-Pompano Beach, FL",7/1/2021,1115,22
"Miami-Fort Lauderdale-Pompano Beach, FL",3/1/2022,1617,65
"Miami-Fort Lauderdale-Pompano Beach, FL",5/1/2021,837,17
"Miami-Fort Lauderdale-Pompano Beach, FL",4/1/2022,1213,24
"Miami-Fort Lauderdale-Pompano Beach, FL",1/1/2022,1752,70
"Miami-Fort Lauderdale-Pompano Beach, FL",8/1/2021,1115,33
"Miami-Fort Lauderdale-Pompano Beach, FL",2/1/2022,1887,38
"Miami-Fort Lauderdale-Pompano Beach, FL",5/1/2022,1213,61
"Miami-Fort Lauderdale-Pompano Beach, FL",12/1/2021,1208,12
"Miami-Fort Lauderdale-Pompano Beach, FL",11/1/2021,1208,12
"Miami-Fort Lauderdale-Pompano Beach, FL",9/1/2021,1208,48
"Miami-Fort Lauderdale-Pompano Beach, FL",6/1/2022,1213,36
"Miami-Fort Lauderdale-Pompano Beach, FL",11/1/2022,1752,70
"Miami-Fort Lauderdale-Pompano Beach, FL",8/1/2022,1617,32
"Miami-Fort Lauderdale-Pompano Beach, FL",7/1/2022,1617,16
"Miami-Fort Lauderdale-Pompano Beach, FL",10/1/2022,1752,53
"Miami-Fort Lauderdale-Pompano Beach, FL",9/1/2022,1752,88
"Miami-Fort Lauderdale-Pompano Beach, FL",10/1/2022,1752,70
"Miami-Fort Lauderdale-Pompano Beach, FL",11/1/2022,1752,35
"Miami-Fort Lauderdale-Pompano Beach, FL",9/1/2022,1752,18
"Miami-Fort Lauderdale-Pompano Beach, FL",8/1/2022,1617,65
"Miami-Fort Lauderdale-Pompano Beach, FL",7/1/2021,1115,22
"Miami-Fort Lauderdale-Pompano Beach, FL",8/1/2021,1115,11
"Miami-Fort Lauderdale-Pompano Beach, FL",11/1/2022,1752,70
"Miami-Fort Lauderdale-Pompano Beach, FL",12/1/2020,1208,48
"Miami-Fort Lauderdale-Pompano Beach, FL",6/1/2021,837,25
"Miami-Fort Lauderdale-Pompano Beach, FL",11/1/2021,1208,48
"Miami-Fort Lauderdale-Pompano Beach, FL",4/1/2021,837,33
"Miami-Fort Lauderdale-Pompano Beach, FL",10/1/2021,1208,12
"Miami-Fort Lauderdale-Pompano Beach, FL",1/1/2022,1752,88
"Miami-Fort Lauderdale-Pompano Beach, FL",3/1/2022,1617,32
"Miami-Fort Lauderdale-Pompano Beach, FL",4/1/2022,1213,36
"Miami-Fort Lauderdale-Pompano Beach, FL",7/1/2022,1617,32
"Miami-Fort Lauderdale-Pompano Beach, FL",8/1/2022,1617,81
"Miami-Fort Lauderdale-Pompano Beach, FL",6/1/2021,837,8
"Miami-Fort Lauderdale-Pompano Beach, FL",7/1/2021,1115,56
"Miami-Fort Lauderdale-Pompano Beach, FL",11/1/2021,1208,60
"Miami-Fort Lauderdale-Pompano Beach, FL",1/1/2022,1752,53
"Miami-Fort Lauderdale-Pompano Beach, FL",3/1/2022,1617,65
"Miami-Fort Lauderdale-Pompano Beach, FL",7/1/2022,1617,49
"Minneapolis-St. Paul-Bloomington, MN-WI",3/1/2021,1115,45
"Minneapolis-St. Paul-Bloomington, MN-WI",4/1/2021,837,8
"Minneapolis-St. Paul-Bloomington, MN-WI",6/1/2021,837,42
"Minneapolis-St. Paul-Bloomington, MN-WI",7/1/2021,1115,56
"Minneapolis-St. Paul-Bloomington, MN-WI",12/1/2020,1208,24
"Minneapolis-St. Paul-Bloomington, MN-WI",1/1/2021,1208,60
"Minneapolis-St. Paul-Bloomington, MN-WI",2/1/2021,1301,65
"Minneapolis-St. Paul-Bloomington, MN-WI",8/1/2021,1115,22
"Minneapolis-St. Paul-Bloomington, MN-WI",5/1/2021,837,8
"Minneapolis-St. Paul-Bloomington, MN-WI",1/1/2022,1353,14
"Minneapolis-St. Paul-Bloomington, MN-WI",9/1/2021,1208,36
"Minneapolis-St. Paul-Bloomington, MN-WI",4/1/2022,937,47
"Minneapolis-St. Paul-Bloomington, MN-WI",3/1/2022,1249,37
"Minneapolis-St. Paul-Bloomington, MN-WI",12/1/2021,1208,48
"Minneapolis-St. Paul-Bloomington, MN-WI",10/1/2021,1208,48
"Minneapolis-St. Paul-Bloomington, MN-WI",11/1/2021,1208,48
"Minneapolis-St. Paul-Bloomington, MN-WI",2/1/2022,1458,29
"Minneapolis-St. Paul-Bloomington, MN-WI",5/1/2022,937,37
"Minneapolis-St. Paul-Bloomington, MN-WI",6/1/2022,937,9
"Minneapolis-St. Paul-Bloomington, MN-WI",7/1/2022,1249,62
"Minneapolis-St. Paul-Bloomington, MN-WI",8/1/2022,1249,50
"Minneapolis-St. Paul-Bloomington, MN-WI",9/1/2022,1353,41
"Minneapolis-St. Paul-Bloomington, MN-WI",10/1/2022,1353,54
"Minneapolis-St. Paul-Bloomington, MN-WI",11/1/2022,1353,68
"Minneapolis-St. Paul-Bloomington, MN-WI",9/1/2022,1353,68
"Minneapolis-St. Paul-Bloomington, MN-WI",6/1/2021,837,17
"Minneapolis-St. Paul-Bloomington, MN-WI",8/1/2022,1249,25
"New York-Newark-Jersey City, NY-NJ-PA",7/1/2022,1947,78
"New York-Newark-Jersey City, NY-NJ-PA",6/1/2022,1460,73
"New York-Newark-Jersey City, NY-NJ-PA",3/1/2021,1014,10
"New York-Newark-Jersey City, NY-NJ-PA",8/1/2022,1947,97
"New York-Newark-Jersey City, NY-NJ-PA",4/1/2021,761,15
"New York-Newark-Jersey City, NY-NJ-PA",7/1/2021,1014,20
"New York-Newark-Jersey City, NY-NJ-PA",6/1/2021,761,30
"New York-Newark-Jersey City, NY-NJ-PA",8/1/2021,1014,41
"New York-Newark-Jersey City, NY-NJ-PA",5/1/2022,1460,15
"New York-Newark-Jersey City, NY-NJ-PA",1/1/2022,2109,63
"New York-Newark-Jersey City, NY-NJ-PA",3/1/2022,1947,58
"New York-Newark-Jersey City, NY-NJ-PA",10/1/2021,1099,33
"New York-Newark-Jersey City, NY-NJ-PA",4/1/2022,1460,15
"New York-Newark-Jersey City, NY-NJ-PA",9/1/2021,1099,11
"New York-Newark-Jersey City, NY-NJ-PA",12/1/2020,1099,55
"New York-Newark-Jersey City, NY-NJ-PA",2/1/2022,2272,114
"New York-Newark-Jersey City, NY-NJ-PA",2/1/2021,1183,59
"New York-Newark-Jersey City, NY-NJ-PA",11/1/2021,1099,55
"New York-Newark-Jersey City, NY-NJ-PA",1/1/2021,1099,44
"New York-Newark-Jersey City, NY-NJ-PA",12/1/2021,1099,33
"New York-Newark-Jersey City, NY-NJ-PA",5/1/2021,761,23
"New York-Newark-Jersey City, NY-NJ-PA",9/1/2022,2109,21
"New York-Newark-Jersey City, NY-NJ-PA",10/1/2022,2109,84
"New York-Newark-Jersey City, NY-NJ-PA",11/1/2022,2109,21
"Orlando-Kissimmee-Sanford, FL",3/1/2021,1115,11
"Orlando-Kissimmee-Sanford, FL",4/1/2021,837,25
"Orlando-Kissimmee-Sanford, FL",7/1/2021,1115,22
"Orlando-Kissimmee-Sanford, FL",6/1/2021,837,25
"Orlando-Kissimmee-Sanford, FL",8/1/2021,1115,11
"Orlando-Kissimmee-Sanford, FL",9/1/2021,1208,48
"Orlando-Kissimmee-Sanford, FL",11/1/2021,1208,36
"Orlando-Kissimmee-Sanford, FL",10/1/2021,1208,60
"Orlando-Kissimmee-Sanford, FL",12/1/2020,1208,36
"Orlando-Kissimmee-Sanford, FL",1/1/2021,1208,60
"Orlando-Kissimmee-Sanford, FL",1/1/2022,1136,34
"Orlando-Kissimmee-Sanford, FL",12/1/2021,1208,12
"Orlando-Kissimmee-Sanford, FL",2/1/2021,1301,65
"Orlando-Kissimmee-Sanford, FL",5/1/2022,786,39
"Orlando-Kissimmee-Sanford, FL",5/1/2021,837,8
"Orlando-Kissimmee-Sanford, FL",4/1/2022,786,24
"Orlando-Kissimmee-Sanford, FL",2/1/2022,1223,24
"Orlando-Kissimmee-Sanford, FL",3/1/2022,1049,52
"Orlando-Kissimmee-Sanford, FL",7/1/2022,1049,10
"Orlando-Kissimmee-Sanford, FL",8/1/2022,1049,52
"Orlando-Kissimmee-Sanford, FL",6/1/2022,786,16
"Orlando-Kissimmee-Sanford, FL",9/1/2022,1136,23
"Orlando-Kissimmee-Sanford, FL",10/1/2022,1136,57
"Orlando-Kissimmee-Sanford, FL",11/1/2022,1136,11
"Philadelphia-Camden-Wilmington, PA-NJ-DE-MD",3/1/2021,1014,20
"Philadelphia-Camden-Wilmington, PA-NJ-DE-MD",6/1/2021,761,23
"Philadelphia-Camden-Wilmington, PA-NJ-DE-MD",7/1/2021,1014,10
"Philadelphia-Camden-Wilmington, PA-NJ-DE-MD",4/1/2021,761,23
"Philadelphia-Camden-Wilmington, PA-NJ-DE-MD",8/1/2021,1014,10
"Philadelphia-Camden-Wilmington, PA-NJ-DE-MD",5/1/2021,761,8
"Philadelphia-Camden-Wilmington, PA-NJ-DE-MD",6/1/2022,662,26
"Philadelphia-Camden-Wilmington, PA-NJ-DE-MD",5/1/2022,662,26
"Philadelphia-Camden-Wilmington, PA-NJ-DE-MD",12/1/2020,1099,55
"Philadelphia-Camden-Wilmington, PA-NJ-DE-MD",10/1/2021,1099,33
"Philadelphia-Camden-Wilmington, PA-NJ-DE-MD",4/1/2022,662,13
"Philadelphia-Camden-Wilmington, PA-NJ-DE-MD",9/1/2021,1099,55
"Philadelphia-Camden-Wilmington, PA-NJ-DE-MD",1/1/2021,1099,44
"Philadelphia-Camden-Wilmington, PA-NJ-DE-MD",7/1/2022,882,18
"Philadelphia-Camden-Wilmington, PA-NJ-DE-MD",11/1/2021,1099,22
"Philadelphia-Camden-Wilmington, PA-NJ-DE-MD",1/1/2022,956,29
"Philadelphia-Camden-Wilmington, PA-NJ-DE-MD",2/1/2021,1183,35
"Philadelphia-Camden-Wilmington, PA-NJ-DE-MD",3/1/2022,882,9
"Philadelphia-Camden-Wilmington, PA-NJ-DE-MD",8/1/2022,882,18
"Philadelphia-Camden-Wilmington, PA-NJ-DE-MD",2/1/2022,1029,21
"Philadelphia-Camden-Wilmington, PA-NJ-DE-MD",12/1/2021,1099,11
"Philadelphia-Camden-Wilmington, PA-NJ-DE-MD",9/1/2022,956,48
"Philadelphia-Camden-Wilmington, PA-NJ-DE-MD",10/1/2022,956,10
"Philadelphia-Camden-Wilmington, PA-NJ-DE-MD",11/1/2022,956,10
"Philadelphia-Camden-Wilmington, PA-NJ-DE-MD",4/1/2021,761,15
"Philadelphia-Camden-Wilmington, PA-NJ-DE-MD",5/1/2022,662,26
"Philadelphia-Camden-Wilmington, PA-NJ-DE-MD",4/1/2022,662,20
"Philadelphia-Camden-Wilmington, PA-NJ-DE-MD",9/1/2022,956,38
"Philadelphia-Camden-Wilmington, PA-NJ-DE-MD",11/1/2022,956,10
"Philadelphia-Camden-Wilmington, PA-NJ-DE-MD",8/1/2021,1014,41
"Philadelphia-Camden-Wilmington, PA-NJ-DE-MD",10/1/2021,1099,22
"Philadelphia-Camden-Wilmington, PA-NJ-DE-MD",2/1/2022,1029,51
"Philadelphia-Camden-Wilmington, PA-NJ-DE-MD",12/1/2020,1099,33
"Philadelphia-Camden-Wilmington, PA-NJ-DE-MD",1/1/2021,1099,11
"Philadelphia-Camden-Wilmington, PA-NJ-DE-MD",3/1/2021,1014,30
"Philadelphia-Camden-Wilmington, PA-NJ-DE-MD",6/1/2021,761,30
"Philadelphia-Camden-Wilmington, PA-NJ-DE-MD",8/1/2021,1014,51
"Philadelphia-Camden-Wilmington, PA-NJ-DE-MD",9/1/2021,1099,22
"Philadelphia-Camden-Wilmington, PA-NJ-DE-MD",10/1/2021,1099,33
"Philadelphia-Camden-Wilmington, PA-NJ-DE-MD",1/1/2022,956,38
"Philadelphia-Camden-Wilmington, PA-NJ-DE-MD",2/1/2022,1029,51
"Phoenix-Mesa-Chandler, AZ",3/1/2021,1115,45
"Phoenix-Mesa-Chandler, AZ",4/1/2021,837,17
"Phoenix-Mesa-Chandler, AZ",7/1/2022,2164,65
"Phoenix-Mesa-Chandler, AZ",6/1/2022,1623,81
"Phoenix-Mesa-Chandler, AZ",7/1/2021,1115,56
"Phoenix-Mesa-Chandler, AZ",8/1/2021,1115,56
"Phoenix-Mesa-Chandler, AZ",6/1/2021,837,25
"Phoenix-Mesa-Chandler, AZ",9/1/2021,1208,60
"Phoenix-Mesa-Chandler, AZ",10/1/2021,1208,36
"Phoenix-Mesa-Chandler, AZ",12/1/2020,1208,24
"Phoenix-Mesa-Chandler, AZ",4/1/2022,1623,49
"Phoenix-Mesa-Chandler, AZ",1/1/2021,1208,36
"Phoenix-Mesa-Chandler, AZ",5/1/2022,1623,65
"Phoenix-Mesa-Chandler, AZ",8/1/2022,2164,43
"Phoenix-Mesa-Chandler, AZ",3/1/2022,2164,65
"Phoenix-Mesa-Chandler, AZ",2/1/2021,1301,65
"Phoenix-Mesa-Chandler, AZ",11/1/2021,1208,36
"Phoenix-Mesa-Chandler, AZ",1/1/2022,2344,94
"Phoenix-Mesa-Chandler, AZ",12/1/2021,1208,12
"Phoenix-Mesa-Chandler, AZ",2/1/2022,2525,51
"Phoenix-Mesa-Chandler, AZ",5/1/2021,837,33
"Phoenix-Mesa-Chandler, AZ",9/1/2022,2344,23
"Phoenix-Mesa-Chandler, AZ",10/1/2022,2344,47
"Phoenix-Mesa-Chandler, AZ",11/1/2022,2344,117
"Phoenix-Mesa-Chandler, AZ",11/1/2022,2344,23
"Phoenix-Mesa-Chandler, AZ",12/1/2020,1208,48
"Phoenix-Mesa-Chandler, AZ",8/1/2021,1115,33
"Phoenix-Mesa-Chandler, AZ",9/1/2021,1208,12
"Phoenix-Mesa-Chandler, AZ",10/1/2021,1208,24
"Phoenix-Mesa-Chandler, AZ",11/1/2021,1208,48
"Phoenix-Mesa-Chandler, AZ",3/1/2022,2164,65
"Phoenix-Mesa-Chandler, AZ",4/1/2022,1623,32
"Phoenix-Mesa-Chandler, AZ",1/1/2021,1208,36
"Phoenix-Mesa-Chandler, AZ",4/1/2021,837,33
"Phoenix-Mesa-Chandler, AZ",6/1/2021,837,33
"Phoenix-Mesa-Chandler, AZ",6/1/2022,1623,81
"Pittsburgh, PA",6/1/2021,913,46
"Pittsburgh, PA",7/1/2021,1217,12
"Pittsburgh, PA",5/1/2021,913,46
"Pittsburgh, PA",4/1/2021,913,18
"Pittsburgh, PA",5/1/2022,621,25
"Pittsburgh, PA",8/1/2021,1217,61
"Pittsburgh, PA",4/1/2022,621,6
"Pittsburgh, PA",3/1/2021,1217,24
"Pittsburgh, PA",9/1/2021,1318,40
"Pittsburgh, PA",9/1/2022,896,27
"Pittsburgh, PA",10/1/2021,1318,26
"Pittsburgh, PA",6/1/2022,621,12
"Pittsburgh, PA",11/1/2021,1318,53
"Pittsburgh, PA",7/1/2022,827,17
"Pittsburgh, PA",2/1/2021,1420,71
"Pittsburgh, PA",3/1/2022,827,41
"Pittsburgh, PA",12/1/2020,1318,53
"Pittsburgh, PA",1/1/2022,896,45
"Pittsburgh, PA",1/1/2021,1318,53
"Pittsburgh, PA",12/1/2021,1318,26
"Pittsburgh, PA",2/1/2022,965,29
"Pittsburgh, PA",8/1/2022,827,33
"Pittsburgh, PA",10/1/2022,896,9
"Pittsburgh, PA",11/1/2022,896,45
"Portland-Vancouver-Hillsboro, OR-WA",3/1/2021,1014,20
"Portland-Vancouver-Hillsboro, OR-WA",4/1/2021,761,8
"Portland-Vancouver-Hillsboro, OR-WA",7/1/2021,1014,10
"Portland-Vancouver-Hillsboro, OR-WA",8/1/2021,1014,41
"Portland-Vancouver-Hillsboro, OR-WA",6/1/2021,761,23
"Portland-Vancouver-Hillsboro, OR-WA",1/1/2021,1099,22
"Portland-Vancouver-Hillsboro, OR-WA",12/1/2020,1099,44
"Portland-Vancouver-Hillsboro, OR-WA",2/1/2021,1183,12
"Portland-Vancouver-Hillsboro, OR-WA",9/1/2021,1099,22
"Portland-Vancouver-Hillsboro, OR-WA",10/1/2021,1099,44
"Portland-Vancouver-Hillsboro, OR-WA",3/1/2022,953,19
"Portland-Vancouver-Hillsboro, OR-WA",11/1/2021,1099,33
"Portland-Vancouver-Hillsboro, OR-WA",1/1/2022,1033,31
"Portland-Vancouver-Hillsboro, OR-WA",4/1/2022,715,21
"Portland-Vancouver-Hillsboro, OR-WA",2/1/2022,1112,56
"Portland-Vancouver-Hillsboro, OR-WA",12/1/2021,1099,55
"Portland-Vancouver-Hillsboro, OR-WA",5/1/2022,715,29
"Portland-Vancouver-Hillsboro, OR-WA",5/1/2021,761,15
"Portland-Vancouver-Hillsboro, OR-WA",6/1/2022,715,7
"Portland-Vancouver-Hillsboro, OR-WA",7/1/2022,953,48
"Portland-Vancouver-Hillsboro, OR-WA",8/1/2022,953,38
"Portland-Vancouver-Hillsboro, OR-WA",9/1/2022,1033,21
"Portland-Vancouver-Hillsboro, OR-WA",10/1/2022,1033,21
"Portland-Vancouver-Hillsboro, OR-WA",11/1/2022,1033,21
"Portland-Vancouver-Hillsboro, OR-WA",3/1/2021,1014,41
"Portland-Vancouver-Hillsboro, OR-WA",9/1/2022,1033,52
"Portland-Vancouver-Hillsboro, OR-WA",4/1/2021,761,38
"Portland-Vancouver-Hillsboro, OR-WA",11/1/2021,1099,22
"Portland-Vancouver-Hillsboro, OR-WA",9/1/2021,1099,33
"Portland-Vancouver-Hillsboro, OR-WA",6/1/2021,761,23
"Portland-Vancouver-Hillsboro, OR-WA",7/1/2021,1014,10
"Portland-Vancouver-Hillsboro, OR-WA",12/1/2020,1099,11
"Portland-Vancouver-Hillsboro, OR-WA",10/1/2021,1099,55
"Portland-Vancouver-Hillsboro, OR-WA",10/1/2022,1033,21
"Portland-Vancouver-Hillsboro, OR-WA",3/1/2022,953,19
"Portland-Vancouver-Hillsboro, OR-WA",5/1/2022,715,29
"Portland-Vancouver-Hillsboro, OR-WA",8/1/2022,953,19
"Portland-Vancouver-Hillsboro, OR-WA",1/1/2022,1033,31
"Portland-Vancouver-Hillsboro, OR-WA",2/1/2021,1183,47
"Portland-Vancouver-Hillsboro, OR-WA",5/1/2021,761,38
"Portland-Vancouver-Hillsboro, OR-WA",2/1/2022,1112,11
"Portland-Vancouver-Hillsboro, OR-WA",12/1/2021,1099,55
"Portland-Vancouver-Hillsboro, OR-WA",4/1/2022,715,7
"Portland-Vancouver-Hillsboro, OR-WA",9/1/2021,1099,11
"Portland-Vancouver-Hillsboro, OR-WA",11/1/2022,1033,21
"Portland-Vancouver-Hillsboro, OR-WA",7/1/2021,1014,51
"Portland-Vancouver-Hillsboro, OR-WA",1/1/2021,1099,11
"Portland-Vancouver-Hillsboro, OR-WA",8/1/2021,1014,51
"Portland-Vancouver-Hillsboro, OR-WA",8/1/2021,1014,20
"Portland-Vancouver-Hillsboro, OR-WA",4/1/2022,715,21
"Portland-Vancouver-Hillsboro, OR-WA",7/1/2022,953,48
"Portland-Vancouver-Hillsboro, OR-WA",7/1/2022,953,10
"Portland-Vancouver-Hillsboro, OR-WA",6/1/2021,761,38
"Portland-Vancouver-Hillsboro, OR-WA",10/1/2021,1099,22
"Portland-Vancouver-Hillsboro, OR-WA",5/1/2022,715,36
"Portland-Vancouver-Hillsboro, OR-WA",6/1/2022,715,29
"Portland-Vancouver-Hillsboro, OR-WA",4/1/2021,761,38
"Portland-Vancouver-Hillsboro, OR-WA",5/1/2021,761,38
"Portland-Vancouver-Hillsboro, OR-WA",3/1/2021,1014,51
"Portland-Vancouver-Hillsboro, OR-WA",1/1/2022,1033,10
"Portland-Vancouver-Hillsboro, OR-WA",10/1/2022,1033,41
"Portland-Vancouver-Hillsboro, OR-WA",1/1/2021,1099,55
"Portland-Vancouver-Hillsboro, OR-WA",11/1/2021,1099,11
"Portland-Vancouver-Hillsboro, OR-WA",6/1/2021,761,38
"Portland-Vancouver-Hillsboro, OR-WA",12/1/2020,1099,55
"Portland-Vancouver-Hillsboro, OR-WA",2/1/2021,1183,59
"Portland-Vancouver-Hillsboro, OR-WA",12/1/2021,1099,55
"Portland-Vancouver-Hillsboro, OR-WA",9/1/2022,1033,21
"Portland-Vancouver-Hillsboro, OR-WA",3/1/2021,1014,30
"Portland-Vancouver-Hillsboro, OR-WA",8/1/2021,1014,20
"Portland-Vancouver-Hillsboro, OR-WA",4/1/2021,761,15
"Portland-Vancouver-Hillsboro, OR-WA",2/1/2022,1112,44
"Portland-Vancouver-Hillsboro, OR-WA",4/1/2022,715,7
"Portland-Vancouver-Hillsboro, OR-WA",11/1/2021,1099,11
"Portland-Vancouver-Hillsboro, OR-WA",8/1/2022,953,38
"Portland-Vancouver-Hillsboro, OR-WA",8/1/2021,1014,30
"Portland-Vancouver-Hillsboro, OR-WA",12/1/2021,1099,44
"Portland-Vancouver-Hillsboro, OR-WA",8/1/2022,953,29
"Portland-Vancouver-Hillsboro, OR-WA",8/1/2021,1014,20
"Portland-Vancouver-Hillsboro, OR-WA",3/1/2022,953,38
"Portland-Vancouver-Hillsboro, OR-WA",1/1/2021,1099,33
"Portland-Vancouver-Hillsboro, OR-WA",4/1/2021,761,15
"Portland-Vancouver-Hillsboro, OR-WA",9/1/2021,1099,33
"Portland-Vancouver-Hillsboro, OR-WA",3/1/2022,953,29
"Portland-Vancouver-Hillsboro, OR-WA",1/1/2021,1099,11
"Portland-Vancouver-Hillsboro, OR-WA",10/1/2021,1099,55
"Portland-Vancouver-Hillsboro, OR-WA",3/1/2021,1014,10
"Portland-Vancouver-Hillsboro, OR-WA",7/1/2021,1014,20
"Portland-Vancouver-Hillsboro, OR-WA",6/1/2022,715,7
"Portland-Vancouver-Hillsboro, OR-WA",7/1/2021,1014,30
"Portland-Vancouver-Hillsboro, OR-WA",6/1/2022,715,29
"Portland-Vancouver-Hillsboro, OR-WA",9/1/2022,1033,21
"Portland-Vancouver-Hillsboro, OR-WA",10/1/2022,1033,10
"Portland-Vancouver-Hillsboro, OR-WA",12/1/2020,1099,22
"Portland-Vancouver-Hillsboro, OR-WA",2/1/2021,1183,12
"Portland-Vancouver-Hillsboro, OR-WA",6/1/2021,761,38
"Portland-Vancouver-Hillsboro, OR-WA",9/1/2021,1099,44
"Portland-Vancouver-Hillsboro, OR-WA",11/1/2022,1033,31
"Portland-Vancouver-Hillsboro, OR-WA",12/1/2020,1099,55
"Portland-Vancouver-Hillsboro, OR-WA",2/1/2021,1183,59
"Portland-Vancouver-Hillsboro, OR-WA",10/1/2021,1099,55
"Portland-Vancouver-Hillsboro, OR-WA",1/1/2022,1033,21
"Portland-Vancouver-Hillsboro, OR-WA",9/1/2022,1033,21
"Portland-Vancouver-Hillsboro, OR-WA",10/1/2021,1099,22
"Portland-Vancouver-Hillsboro, OR-WA",1/1/2022,1033,10
"Portland-Vancouver-Hillsboro, OR-WA",6/1/2021,761,23
"Portland-Vancouver-Hillsboro, OR-WA",7/1/2021,1014,20
"Portland-Vancouver-Hillsboro, OR-WA",9/1/2021,1099,44
"Portland-Vancouver-Hillsboro, OR-WA",2/1/2022,1112,56
"Portland-Vancouver-Hillsboro, OR-WA",3/1/2022,953,38
"Portland-Vancouver-Hillsboro, OR-WA",6/1/2022,715,14
"Portland-Vancouver-Hillsboro, OR-WA",11/1/2021,1099,22
"Portland-Vancouver-Hillsboro, OR-WA",8/1/2022,953,48
"Portland-Vancouver-Hillsboro, OR-WA",11/1/2022,1033,31
"Portland-Vancouver-Hillsboro, OR-WA",5/1/2021,761,23
"Portland-Vancouver-Hillsboro, OR-WA",2/1/2022,1112,44
"Portland-Vancouver-Hillsboro, OR-WA",5/1/2022,715,21
"Portland-Vancouver-Hillsboro, OR-WA",7/1/2022,953,29
"Portland-Vancouver-Hillsboro, OR-WA",1/1/2021,1099,44
"Portland-Vancouver-Hillsboro, OR-WA",3/1/2021,1014,30
"Portland-Vancouver-Hillsboro, OR-WA",5/1/2021,761,23
"Portland-Vancouver-Hillsboro, OR-WA",7/1/2021,1014,30
"Portland-Vancouver-Hillsboro, OR-WA",8/1/2021,1014,20
"Portland-Vancouver-Hillsboro, OR-WA",9/1/2021,1099,55
"Portland-Vancouver-Hillsboro, OR-WA",12/1/2021,1099,33
"Portland-Vancouver-Hillsboro, OR-WA",5/1/2022,715,21
"Sacramento-Roseville-Folsom, CA",3/1/2021,913,18
"Sacramento-Roseville-Folsom, CA",4/1/2021,685,14
"Sacramento-Roseville-Folsom, CA",7/1/2021,913,9
"Sacramento-Roseville-Folsom, CA",1/1/2021,989,20
"Sacramento-Roseville-Folsom, CA",8/1/2021,913,9
"Sacramento-Roseville-Folsom, CA",12/1/2020,989,20
"Sacramento-Roseville-Folsom, CA",6/1/2021,685,7
"Sacramento-Roseville-Folsom, CA",10/1/2021,989,30
"Sacramento-Roseville-Folsom, CA",2/1/2021,1065,53
"Sacramento-Roseville-Folsom, CA",9/1/2021,989,20
"Sacramento-Roseville-Folsom, CA",1/1/2022,1473,74
"Sacramento-Roseville-Folsom, CA",11/1/2021,989,10
"Sacramento-Roseville-Folsom, CA",4/1/2022,1020,41
"Sacramento-Roseville-Folsom, CA",12/1/2021,989,10
"Sacramento-Roseville-Folsom, CA",3/1/2022,1360,54
"Sacramento-Roseville-Folsom, CA",2/1/2022,1587,16
"Sacramento-Roseville-Folsom, CA",5/1/2022,1020,31
"Sacramento-Roseville-Folsom, CA",8/1/2022,1360,27
"Sacramento-Roseville-Folsom, CA",7/1/2022,1360,27
"Sacramento-Roseville-Folsom, CA",9/1/2022,1473,15
"Sacramento-Roseville-Folsom, CA",6/1/2022,1020,10
"Sacramento-Roseville-Folsom, CA",10/1/2022,1473,15
"Sacramento-Roseville-Folsom, CA",5/1/2021,685,27
"Sacramento-Roseville-Folsom, CA",11/1/2022,1473,15
"San Antonio-New Braunfels, TX",3/1/2021,1217,37
"San Antonio-New Braunfels, TX",4/1/2021,913,27
"San Antonio-New Braunfels, TX",7/1/2021,1217,12
"San Antonio-New Braunfels, TX",6/1/2021,913,18
"San Antonio-New Braunfels, TX",8/1/2021,1217,49
"San Antonio-New Braunfels, TX",12/1/2020,1318,53
"San Antonio-New Braunfels, TX",1/1/2021,1318,26
"San Antonio-New Braunfels, TX",9/1/2021,1318,66
"San Antonio-New Braunfels, TX",10/1/2021,1318,53
"San Antonio-New Braunfels, TX",1/1/2022,1780,18
"San Antonio-New Braunfels, TX",5/1/2021,913,46
"San Antonio-New Braunfels, TX",11/1/2021,1318,13
"San Antonio-New Braunfels, TX",5/1/2022,1232,25
"San Antonio-New Braunfels, TX",2/1/2021,1420,71
"San Antonio-New Braunfels, TX",4/1/2022,1232,25
"San Antonio-New Braunfels, TX",12/1/2021,1318,53
"San Antonio-New Braunfels, TX",3/1/2022,1643,16
"San Antonio-New Braunfels, TX",2/1/2022,1917,58
"San Antonio-New Braunfels, TX",6/1/2022,1232,12
"San Antonio-New Braunfels, TX",7/1/2022,1643,82
"San Antonio-New Braunfels, TX",8/1/2022,1643,82
"San Antonio-New Braunfels, TX",9/1/2022,1780,18
"San Antonio-New Braunfels, TX",10/1/2022,1780,53
"San Antonio-New Braunfels, TX",11/1/2022,1780,18
"San Antonio-New Braunfels, TX",5/1/2022,1232,25
"San Antonio-New Braunfels, TX",1/1/2021,1318,13
"San Antonio-New Braunfels, TX",3/1/2021,1217,24
"San Antonio-New Braunfels, TX",7/1/2021,1217,24
"San Antonio-New Braunfels, TX",8/1/2021,1217,49
"San Antonio-New Braunfels, TX",9/1/2021,1318,13
"San Antonio-New Braunfels, TX",11/1/2021,1318,53
"San Antonio-New Braunfels, TX",1/1/2022,1780,71
"San Antonio-New Braunfels, TX",6/1/2022,1232,49
"San Diego-Chula Vista-Carlsbad, CA",3/1/2021,1217,61
"San Diego-Chula Vista-Carlsbad, CA",4/1/2021,913,27
"San Diego-Chula Vista-Carlsbad, CA",7/1/2021,1217,61
"San Diego-Chula Vista-Carlsbad, CA",1/1/2021,1318,40
"San Diego-Chula Vista-Carlsbad, CA",12/1/2020,1318,40
"San Diego-Chula Vista-Carlsbad, CA",8/1/2021,1217,49
"San Diego-Chula Vista-Carlsbad, CA",6/1/2021,913,18
"San Diego-Chula Vista-Carlsbad, CA",2/1/2021,1420,71
"San Diego-Chula Vista-Carlsbad, CA",9/1/2021,1318,26
"San Diego-Chula Vista-Carlsbad, CA",1/1/2022,1490,60
"San Diego-Chula Vista-Carlsbad, CA",10/1/2021,1318,40
"San Diego-Chula Vista-Carlsbad, CA",11/1/2021,1318,66
"San Diego-Chula Vista-Carlsbad, CA",4/1/2022,1031,21
"San Diego-Chula Vista-Carlsbad, CA",3/1/2022,1375,41
"San Diego-Chula Vista-Carlsbad, CA",12/1/2021,1318,13
"San Diego-Chula Vista-Carlsbad, CA",2/1/2022,1604,16
"San Diego-Chula Vista-Carlsbad, CA",5/1/2022,1031,52
"San Diego-Chula Vista-Carlsbad, CA",7/1/2022,1375,69
"San Diego-Chula Vista-Carlsbad, CA",9/1/2022,1490,60
"San Diego-Chula Vista-Carlsbad, CA",8/1/2022,1375,69
"San Diego-Chula Vista-Carlsbad, CA",6/1/2022,1031,52
"San Diego-Chula Vista-Carlsbad, CA",10/1/2022,1490,75
"San Diego-Chula Vista-Carlsbad, CA",5/1/2021,913,18
"San Diego-Chula Vista-Carlsbad, CA",11/1/2022,1490,75
"San Diego-Chula Vista-Carlsbad, CA",2/1/2021,1420,28
"San Diego-Chula Vista-Carlsbad, CA",10/1/2022,1490,75
"San Francisco-Oakland-Berkeley, CA",7/1/2021,1014,10
"San Francisco-Oakland-Berkeley, CA",8/1/2021,1014,51
"San Francisco-Oakland-Berkeley, CA",6/1/2021,761,8
"San Francisco-Oakland-Berkeley, CA",9/1/2021,1099,22
"San Francisco-Oakland-Berkeley, CA",3/1/2021,1014,30
"San Francisco-Oakland-Berkeley, CA",4/1/2021,761,8
"San Francisco-Oakland-Berkeley, CA",12/1/2020,1099,55
"San Francisco-Oakland-Berkeley, CA",1/1/2021,1099,44
"San Francisco-Oakland-Berkeley, CA",10/1/2021,1099,11
"San Francisco-Oakland-Berkeley, CA",1/1/2022,747,30
"San Francisco-Oakland-Berkeley, CA",4/1/2022,517,10
"San Francisco-Oakland-Berkeley, CA",2/1/2021,1183,47
"San Francisco-Oakland-Berkeley, CA",3/1/2022,690,7
"San Francisco-Oakland-Berkeley, CA",11/1/2021,1099,33
"San Francisco-Oakland-Berkeley, CA",2/1/2022,805,40
"San Francisco-Oakland-Berkeley, CA",5/1/2022,517,26
"San Francisco-Oakland-Berkeley, CA",12/1/2021,1099,44
"San Francisco-Oakland-Berkeley, CA",8/1/2022,690,21
"San Francisco-Oakland-Berkeley, CA",9/1/2022,747,30
"San Francisco-Oakland-Berkeley, CA",10/1/2022,747,15
"San Francisco-Oakland-Berkeley, CA",5/1/2021,761,38
"San Francisco-Oakland-Berkeley, CA",6/1/2022,517,5
"San Francisco-Oakland-Berkeley, CA",7/1/2022,690,14
"San Francisco-Oakland-Berkeley, CA",11/1/2022,747,30
"St. Louis, MO-IL",7/1/2021,1217,37
"St. Louis, MO-IL",6/1/2021,913,46
"St. Louis, MO-IL",5/1/2021,913,46
"St. Louis, MO-IL",8/1/2021,1217,61
"St. Louis, MO-IL",4/1/2021,913,46
"St. Louis, MO-IL",3/1/2021,1217,37
"St. Louis, MO-IL",9/1/2021,1318,13
"St. Louis, MO-IL",5/1/2022,1816,36
"St. Louis, MO-IL",10/1/2021,1318,26
"St. Louis, MO-IL",11/1/2021,1318,53
"St. Louis, MO-IL",4/1/2022,1816,36
"St. Louis, MO-IL",1/1/2022,2623,26
"St. Louis, MO-IL",6/1/2022,1816,54
"St. Louis, MO-IL",3/1/2022,2422,48
"St. Louis, MO-IL",2/1/2021,1420,57
"St. Louis, MO-IL",12/1/2020,1318,26
"St. Louis, MO-IL",1/1/2021,1318,13
"St. Louis, MO-IL",12/1/2021,1318,13
"St. Louis, MO-IL",7/1/2022,2422,48
"St. Louis, MO-IL",2/1/2022,2825,141
"St. Louis, MO-IL",8/1/2022,2422,48
"St. Louis, MO-IL",9/1/2022,2623,131
"St. Louis, MO-IL",10/1/2022,2623,79
"St. Louis, MO-IL",11/1/2022,2623,105
"St. Louis, MO-IL",1/1/2021,1318,40
"St. Louis, MO-IL",7/1/2021,1217,61
"St. Louis, MO-IL",11/1/2021,1318,13
"St. Louis, MO-IL",7/1/2022,2422,24
"Tampa-St. Petersburg-Clearwater, FL",3/1/2021,1217,12
"Tampa-St. Petersburg-Clearwater, FL",4/1/2021,913,9
"Tampa-St. Petersburg-Clearwater, FL",6/1/2021,913,27
"Tampa-St. Petersburg-Clearwater, FL",7/1/2021,1217,24
"Tampa-St. Petersburg-Clearwater, FL",12/1/2020,1318,53
"Tampa-St. Petersburg-Clearwater, FL",8/1/2021,1217,12
"Tampa-St. Petersburg-Clearwater, FL",1/1/2021,1318,13
"Tampa-St. Petersburg-Clearwater, FL",1/1/2022,2399,72
"Tampa-St. Petersburg-Clearwater, FL",10/1/2021,1318,66
"Tampa-St. Petersburg-Clearwater, FL",5/1/2022,1661,33
"Tampa-St. Petersburg-Clearwater, FL",9/1/2021,1318,53
"Tampa-St. Petersburg-Clearwater, FL",2/1/2021,1420,14
"Tampa-St. Petersburg-Clearwater, FL",5/1/2021,913,37
"Tampa-St. Petersburg-Clearwater, FL",3/1/2022,2215,111
"Tampa-St. Petersburg-Clearwater, FL",4/1/2022,1661,66
"Tampa-St. Petersburg-Clearwater, FL",11/1/2021,1318,53
"Tampa-St. Petersburg-Clearwater, FL",2/1/2022,2584,26
"Tampa-St. Petersburg-Clearwater, FL",12/1/2021,1318,66
"Tampa-St. Petersburg-Clearwater, FL",7/1/2022,2215,89
"Tampa-St. Petersburg-Clearwater, FL",6/1/2022,1661,17
"Tampa-St. Petersburg-Clearwater, FL",8/1/2022,2215,44
"Tampa-St. Petersburg-Clearwater, FL",9/1/2022,2399,96
"Tampa-St. Petersburg-Clearwater, FL",10/1/2022,2399,24
"Tampa-St. Petersburg-Clearwater, FL",11/1/2022,2399,24
"Washington-Arlington-Alexandria, DC-VA-MD-WV",6/1/2021,685,34
"Washington-Arlington-Alexandria, DC-VA-MD-WV",3/1/2021,913,46
"Washington-Arlington-Alexandria, DC-VA-MD-WV",4/1/2021,685,21
"Washington-Arlington-Alexandria, DC-VA-MD-WV",7/1/2021,913,27
"Washington-Arlington-Alexandria, DC-VA-MD-WV",8/1/2021,913,27
"Washington-Arlington-Alexandria, DC-VA-MD-WV",12/1/2020,989,10
"Washington-Arlington-Alexandria, DC-VA-MD-WV",10/1/2021,989,49
"Washington-Arlington-Alexandria, DC-VA-MD-WV",1/1/2021,989,20
"Washington-Arlington-Alexandria, DC-VA-MD-WV",5/1/2021,685,7
"Washington-Arlington-Alexandria, DC-VA-MD-WV",10/1/2021,989,49
"Washington-Arlington-Alexandria, DC-VA-MD-WV",1/1/2022,514,26
"Washington-Arlington-Alexandria, DC-VA-MD-WV",11/1/2021,989,10
"Washington-Arlington-Alexandria, DC-VA-MD-WV",9/1/2021,989,49
"Washington-Arlington-Alexandria, DC-VA-MD-WV",5/1/2022,356,7
"Washington-Arlington-Alexandria, DC-VA-MD-WV",12/1/2021,989,30
"Washington-Arlington-Alexandria, DC-VA-MD-WV",2/1/2021,1065,53
"Washington-Arlington-Alexandria, DC-VA-MD-WV",3/1/2022,475,24
"Washington-Arlington-Alexandria, DC-VA-MD-WV",2/1/2022,554,28
"Washington-Arlington-Alexandria, DC-VA-MD-WV",4/1/2022,356,18
"Washington-Arlington-Alexandria, DC-VA-MD-WV",7/1/2022,475,19
"Washington-Arlington-Alexandria, DC-VA-MD-WV",6/1/2022,356,11
"Washington-Arlington-Alexandria, DC-VA-MD-WV",8/1/2022,475,14
"Washington-Arlington-Alexandria, DC-VA-MD-WV",9/1/2022,514,15
"Washington-Arlington-Alexandria, DC-VA-MD-WV",11/1/2022,514,10
"Washington-Arlington-Alexandria, DC-VA-MD-WV",10/1/2022,514,26
"Washington-Arlington-Alexandria, DC-VA-MD-WV",11/1/2021,989,10
"Washington-Arlington-Alexandria, DC-VA-MD-WV",8/1/2022,475,19
"Washington-Arlington-Alexandria, DC-VA-MD-WV",6/1/2021,685,27
"Washington-Arlington-Alexandria, DC-VA-MD-WV",7/1/2021,913,18
"Washington-Arlington-Alexandria, DC-VA-MD-WV",2/1/2022,554,11
"Washington-Arlington-Alexandria, DC-VA-MD-WV",8/1/2021,913,27
"Washington-Arlington-Alexandria, DC-VA-MD-WV",9/1/2021,989,30
"Washington-Arlington-Alexandria, DC-VA-MD-WV",5/1/2022,356,14
"Washington-Arlington-Alexandria, DC-VA-MD-WV",3/1/2022,475,24
"Washington-Arlington-Alexandria, DC-VA-MD-WV",1/1/2022,514,15
"Washington-Arlington-Alexandria, DC-VA-MD-WV",8/1/2022,475,5
"Washington-Arlington-Alexandria, DC-VA-MD-WV",5/1/2021,685,34
"Washington-Arlington-Alexandria, DC-VA-MD-WV",12/1/2021,989,20
"Washington-Arlington-Alexandria, DC-VA-MD-WV",6/1/2022,356,11
"Washington-Arlington-Alexandria, DC-VA-MD-WV",4/1/2022,356,18
"Washington-Arlington-Alexandria, DC-VA-MD-WV",4/1/2021,685,34
"Washington-Arlington-Alexandria, DC-VA-MD-WV",7/1/2022,475,10
"Washington-Arlington-Alexandria, DC-VA-MD-WV",9/1/2022,514,10
"Washington-Arlington-Alexandria, DC-VA-MD-WV",9/1/2022,514,26
"Washington-Arlington-Alexandria, DC-VA-MD-WV",10/1/2021,989,49
"Washington-Arlington-Alexandria, DC-VA-MD-WV",4/1/2021,685,7
"Washington-Arlington-Alexandria, DC-VA-MD-WV",1/1/2021,989,40
"Washington-Arlington-Alexandria, DC-VA-MD-WV",12/1/2020,989,20
"Washington-Arlington-Alexandria, DC-VA-MD-WV",1/1/2022,514,10
"Washington-Arlington-Alexandria, DC-VA-MD-WV",10/1/2022,514,10
"Washington-Arlington-Alexandria, DC-VA-MD-WV",9/1/2021,989,10
"Washington-Arlington-Alexandria, DC-VA-MD-WV",7/1/2021,913,37
"Washington-Arlington-Alexandria, DC-VA-MD-WV",8/1/2022,475,10
"Washington-Arlington-Alexandria, DC-VA-MD-WV",4/1/2021,685,27
"Washington-Arlington-Alexandria, DC-VA-MD-WV",9/1/2022,514,5
"Washington-Arlington-Alexandria, DC-VA-MD-WV",11/1/2022,514,26
"Washington-Arlington-Alexandria, DC-VA-MD-WV",12/1/2020,989,20
"Washington-Arlington-Alexandria, DC-VA-MD-WV",3/1/2021,913,9
"Washington-Arlington-Alexandria, DC-VA-MD-WV",10/1/2021,989,20
"Washington-Arlington-Alexandria, DC-VA-MD-WV",11/1/2022,514,26
"Washington-Arlington-Alexandria, DC-VA-MD-WV",8/1/2022,475,19
"Washington-Arlington-Alexandria, DC-VA-MD-WV",3/1/2021,913,9
"Washington-Arlington-Alexandria, DC-VA-MD-WV",12/1/2020,989,20
"Washington-Arlington-Alexandria, DC-VA-MD-WV",1/1/2022,514,10
"Washington-Arlington-Alexandria, DC-VA-MD-WV",4/1/2022,356,14
"Washington-Arlington-Alexandria, DC-VA-MD-WV",11/1/2022,514,10
"Washington-Arlington-Alexandria, DC-VA-MD-WV",10/1/2022,514,10
"Washington-Arlington-Alexandria, DC-VA-MD-WV",2/1/2021,1065,21
"Washington-Arlington-Alexandria, DC-VA-MD-WV",6/1/2021,685,27
"Washington-Arlington-Alexandria, DC-VA-MD-WV",9/1/2022,514,10
"Washington-Arlington-Alexandria, DC-VA-MD-WV",11/1/2022,514,10
"Washington-Arlington-Alexandria, DC-VA-MD-WV",3/1/2021,913,37
"Washington-Arlington-Alexandria, DC-VA-MD-WV",7/1/2021,913,18
"Washington-Arlington-Alexandria, DC-VA-MD-WV",3/1/2022,475,14
"Washington-Arlington-Alexandria, DC-VA-MD-WV",9/1/2021,989,49
"Washington-Arlington-Alexandria, DC-VA-MD-WV",3/1/2021,913,37
"Washington-Arlington-Alexandria, DC-VA-MD-WV",12/1/2020,989,20
"Washington-Arlington-Alexandria, DC-VA-MD-WV",6/1/2021,685,27
"Washington-Arlington-Alexandria, DC-VA-MD-WV",9/1/2021,989,30
"Washington-Arlington-Alexandria, DC-VA-MD-WV",11/1/2021,989,40
"Washington-Arlington-Alexandria, DC-VA-MD-WV",4/1/2021,685,7
"Washington-Arlington-Alexandria, DC-VA-MD-WV",1/1/2022,514,15
"Washington-Arlington-Alexandria, DC-VA-MD-WV",7/1/2021,913,9
"Washington-Arlington-Alexandria, DC-VA-MD-WV",8/1/2021,913,9
"Washington-Arlington-Alexandria, DC-VA-MD-WV",3/1/2021,913,46
"Washington-Arlington-Alexandria, DC-VA-MD-WV",9/1/2022,514,21
"Washington-Arlington-Alexandria, DC-VA-MD-WV",2/1/2021,1065,11
"Washington-Arlington-Alexandria, DC-VA-MD-WV",8/1/2022,475,10
"Washington-Arlington-Alexandria, DC-VA-MD-WV",5/1/2021,685,27
"Washington-Arlington-Alexandria, DC-VA-MD-WV",6/1/2021,685,7
"Washington-Arlington-Alexandria, DC-VA-MD-WV",2/1/2022,554,22
"Washington-Arlington-Alexandria, DC-VA-MD-WV",10/1/2021,989,10
"Washington-Arlington-Alexandria, DC-VA-MD-WV",1/1/2022,514,15
"Washington-Arlington-Alexandria, DC-VA-MD-WV",12/1/2021,989,10
"Washington-Arlington-Alexandria, DC-VA-MD-WV",5/1/2022,356,14
"Washington-Arlington-Alexandria, DC-VA-MD-WV",7/1/2022,475,5
"Washington-Arlington-Alexandria, DC-VA-MD-WV",10/1/2022,514,15
"Washington-Arlington-Alexandria, DC-VA-MD-WV",12/1/2021,989,40
"Washington-Arlington-Alexandria, DC-VA-MD-WV",12/1/2021,989,30
"Washington-Arlington-Alexandria, DC-VA-MD-WV",4/1/2021,685,7
"Washington-Arlington-Alexandria, DC-VA-MD-WV",12/1/2021,989,10
"Washington-Arlington-Alexandria, DC-VA-MD-WV",4/1/2021,685,7
"Washington-Arlington-Alexandria, DC-VA-MD-WV",6/1/2021,685,7
"Washington-Arlington-Alexandria, DC-VA-MD-WV",3/1/2022,475,19
"Washington-Arlington-Alexandria, DC-VA-MD-WV",7/1/2021,913,27
"Washington-Arlington-Alexandria, DC-VA-MD-WV",10/1/2022,514,26
"Washington-Arlington-Alexandria, DC-VA-MD-WV",4/1/2021,685,34
"Washington-Arlington-Alexandria, DC-VA-MD-WV",3/1/2021,913,37
"Washington-Arlington-Alexandria, DC-VA-MD-WV",10/1/2022,514,5
"Washington-Arlington-Alexandria, DC-VA-MD-WV",11/1/2021,989,10
"Washington-Arlington-Alexandria, DC-VA-MD-WV",3/1/2022,475,24
"Washington-Arlington-Alexandria, DC-VA-MD-WV",1/1/2021,989,49
"Washington-Arlington-Alexandria, DC-VA-MD-WV",3/1/2021,913,27
"Washington-Arlington-Alexandria, DC-VA-MD-WV",6/1/2021,685,14
"Washington-Arlington-Alexandria, DC-VA-MD-WV",6/1/2022,356,4
"Washington-Arlington-Alexandria, DC-VA-MD-WV",1/1/2021,989,40
"Washington-Arlington-Alexandria, DC-VA-MD-WV",11/1/2021,989,20
"Washington-Arlington-Alexandria, DC-VA-MD-WV",4/1/2021,685,27
"Washington-Arlington-Alexandria, DC-VA-MD-WV",2/1/2022,554,22
"Washington-Arlington-Alexandria, DC-VA-MD-WV",5/1/2022,356,7
"Washington-Arlington-Alexandria, DC-VA-MD-WV",2/1/2021,1065,21
"Washington-Arlington-Alexandria, DC-VA-MD-WV",8/1/2021,913,18
"Washington-Arlington-Alexandria, DC-VA-MD-WV",10/1/2021,989,10
"Washington-Arlington-Alexandria, DC-VA-MD-WV",12/1/2020,989,49
"Washington-Arlington-Alexandria, DC-VA-MD-WV",1/1/2022,514,21
"Washington-Arlington-Alexandria, DC-VA-MD-WV",4/1/2022,356,18
"Washington-Arlington-Alexandria, DC-VA-MD-WV",5/1/2022,356,11
"Washington-Arlington-Alexandria, DC-VA-MD-WV",7/1/2021,913,46
"Washington-Arlington-Alexandria, DC-VA-MD-WV",8/1/2021,913,27
"Washington-Arlington-Alexandria, DC-VA-MD-WV",9/1/2022,514,10
"Washington-Arlington-Alexandria, DC-VA-MD-WV",10/1/2022,514,21
"Washington-Arlington-Alexandria, DC-VA-MD-WV",12/1/2020,989,40
"Washington-Arlington-Alexandria, DC-VA-MD-WV",2/1/2021,1065,43
"Washington-Arlington-Alexandria, DC-VA-MD-WV",7/1/2022,475,5
"Washington-Arlington-Alexandria, DC-VA-MD-WV",8/1/2022,475,14
"Washington-Arlington-Alexandria, DC-VA-MD-WV",11/1/2022,514,21
"Washington-Arlington-Alexandria, DC-VA-MD-WV",3/1/2021,913,18
"Washington-Arlington-Alexandria, DC-VA-MD-WV",10/1/2021,989,10
"Washington-Arlington-Alexandria, DC-VA-MD-WV",5/1/2021,685,27
"Washington-Arlington-Alexandria, DC-VA-MD-WV",2/1/2022,554,6
"Washington-Arlington-Alexandria, DC-VA-MD-WV",10/1/2021,989,30
"Washington-Arlington-Alexandria, DC-VA-MD-WV",1/1/2022,514,15
"Washington-Arlington-Alexandria, DC-VA-MD-WV",3/1/2022,475,10
"Washington-Arlington-Alexandria, DC-VA-MD-WV",5/1/2022,356,14
"Washington-Arlington-Alexandria, DC-VA-MD-WV",1/1/2021,989,10
"Washington-Arlington-Alexandria, DC-VA-MD-WV",1/1/2021,989,10
"Washington-Arlington-Alexandria, DC-VA-MD-WV",9/1/2021,989,30
"Washington-Arlington-Alexandria, DC-VA-MD-WV",11/1/2021,989,40
"Washington-Arlington-Alexandria, DC-VA-MD-WV",10/1/2021,989,30
"Washington-Arlington-Alexandria, DC-VA-MD-WV",2/1/2022,554,11
"Washington-Arlington-Alexandria, DC-VA-MD-WV",1/1/2021,989,20
"Washington-Arlington-Alexandria, DC-VA-MD-WV",2/1/2021,1065,53
"Washington-Arlington-Alexandria, DC-VA-MD-WV",4/1/2022,356,4
"Washington-Arlington-Alexandria, DC-VA-MD-WV",4/1/2021,685,7
"Washington-Arlington-Alexandria, DC-VA-MD-WV",11/1/2021,989,20
"Washington-Arlington-Alexandria, DC-VA-MD-WV",3/1/2022,475,24
"Washington-Arlington-Alexandria, DC-VA-MD-WV",12/1/2020,989,40
"Washington-Arlington-Alexandria, DC-VA-MD-WV",2/1/2021,1065,21
"Washington-Arlington-Alexandria, DC-VA-MD-WV",8/1/2021,913,9
"Washington-Arlington-Alexandria, DC-VA-MD-WV",6/1/2022,356,4
"Washington-Arlington-Alexandria, DC-VA-MD-WV",1/1/2021,989,20
"Washington-Arlington-Alexandria, DC-VA-MD-WV",3/1/2021,913,9
"Washington-Arlington-Alexandria, DC-VA-MD-WV",8/1/2021,913,9
"Washington-Arlington-Alexandria, DC-VA-MD-WV",4/1/2022,356,14
"Washington-Arlington-Alexandria, DC-VA-MD-WV",3/1/2021,913,18
"Washington-Arlington-Alexandria, DC-VA-MD-WV",11/1/2021,989,10
"Washington-Arlington-Alexandria, DC-VA-MD-WV",1/1/2021,989,10
"Washington-Arlington-Alexandria, DC-VA-MD-WV",7/1/2021,913,9
"Washington-Arlington-Alexandria, DC-VA-MD-WV",9/1/2022,514,26
"Washington-Arlington-Alexandria, DC-VA-MD-WV",6/1/2021,685,21
"Washington-Arlington-Alexandria, DC-VA-MD-WV",1/1/2022,514,5
"Washington-Arlington-Alexandria, DC-VA-MD-WV",2/1/2022,554,11
"Washington-Arlington-Alexandria, DC-VA-MD-WV",7/1/2022,475,5
"Washington-Arlington-Alexandria, DC-VA-MD-WV",4/1/2021,685,7
"Washington-Arlington-Alexandria, DC-VA-MD-WV",7/1/2021,913,27
"Washington-Arlington-Alexandria, DC-VA-MD-WV",11/1/2021,989,10
"Washington-Arlington-Alexandria, DC-VA-MD-WV",7/1/2022,475,10
"Washington-Arlington-Alexandria, DC-VA-MD-WV",9/1/2022,514,21
"Washington-Arlington-Alexandria, DC-VA-MD-WV",12/1/2020,989,30
"Washington-Arlington-Alexandria, DC-VA-MD-WV",10/1/2021,989,20
"Washington-Arlington-Alexandria, DC-VA-MD-WV",2/1/2022,554,11
"Washington-Arlington-Alexandria, DC-VA-MD-WV",11/1/2022,514,15
"Washington-Arlington-Alexandria, DC-VA-MD-WV",6/1/2022,356,18
"Washington-Arlington-Alexandria, DC-VA-MD-WV",7/1/2022,475,24
"Washington-Arlington-Alexandria, DC-VA-MD-WV",11/1/2022,514,15
"Washington-Arlington-Alexandria, DC-VA-MD-WV",8/1/2021,913,37
"Washington-Arlington-Alexandria, DC-VA-MD-WV",9/1/2021,989,30
"Washington-Arlington-Alexandria, DC-VA-MD-WV",2/1/2022,554,28
"Washington-Arlington-Alexandria, DC-VA-MD-WV",4/1/2022,356,14
"Washington-Arlington-Alexandria, DC-VA-MD-WV",5/1/2022,356,14
"Washington-Arlington-Alexandria, DC-VA-MD-WV",5/1/2021,685,14
"Washington-Arlington-Alexandria, DC-VA-MD-WV",7/1/2021,913,46
"Washington-Arlington-Alexandria, DC-VA-MD-WV",11/1/2021,989,10
"Washington-Arlington-Alexandria, DC-VA-MD-WV",12/1/2021,989,30
"Washington-Arlington-Alexandria, DC-VA-MD-WV",3/1/2022,475,10
"Washington-Arlington-Alexandria, DC-VA-MD-WV",12/1/2020,989,20
"Washington-Arlington-Alexandria, DC-VA-MD-WV",2/1/2021,1065,32
"Washington-Arlington-Alexandria, DC-VA-MD-WV",12/1/2021,989,10
"Washington-Arlington-Alexandria, DC-VA-MD-WV",12/1/2020,989,10
"Washington-Arlington-Alexandria, DC-VA-MD-WV",2/1/2021,1065,11
"Washington-Arlington-Alexandria, DC-VA-MD-WV",3/1/2021,913,27
"Washington-Arlington-Alexandria, DC-VA-MD-WV",4/1/2021,685,14
"Washington-Arlington-Alexandria, DC-VA-MD-WV",5/1/2021,685,21
"Washington-Arlington-Alexandria, DC-VA-MD-WV",9/1/2022,514,21
"Washington-Arlington-Alexandria, DC-VA-MD-WV",1/1/2021,989,30
"Washington-Arlington-Alexandria, DC-VA-MD-WV",8/1/2021,913,37
"Washington-Arlington-Alexandria, DC-VA-MD-WV",4/1/2022,356,7
"Washington-Arlington-Alexandria, DC-VA-MD-WV",5/1/2022,356,18
"Washington-Arlington-Alexandria, DC-VA-MD-WV",2/1/2021,1065,32
"Washington-Arlington-Alexandria, DC-VA-MD-WV",6/1/2021,685,27
"Washington-Arlington-Alexandria, DC-VA-MD-WV",9/1/2021,989,40
"Washington-Arlington-Alexandria, DC-VA-MD-WV",10/1/2021,989,30
"Washington-Arlington-Alexandria, DC-VA-MD-WV",3/1/2022,475,5
"Washington-Arlington-Alexandria, DC-VA-MD-WV",4/1/2022,356,7
"Washington-Arlington-Alexandria, DC-VA-MD-WV",8/1/2022,475,5
"Washington-Arlington-Alexandria, DC-VA-MD-WV",5/1/2021,685,7
"Washington-Arlington-Alexandria, DC-VA-MD-WV",3/1/2022,475,24
"Washington-Arlington-Alexandria, DC-VA-MD-WV",6/1/2022,356,4
"Washington-Arlington-Alexandria, DC-VA-MD-WV",8/1/2022,475,19
"Washington-Arlington-Alexandria, DC-VA-MD-WV",9/1/2022,514,26
"Washington-Arlington-Alexandria, DC-VA-MD-WV",2/1/2021,1065,53
"Washington-Arlington-Alexandria, DC-VA-MD-WV",6/1/2021,685,34
"Washington-Arlington-Alexandria, DC-VA-MD-WV",8/1/2021,913,9
"Washington-Arlington-Alexandria, DC-VA-MD-WV",9/1/2021,989,10
"Washington-Arlington-Alexandria, DC-VA-MD-WV",12/1/2021,989,49
"Washington-Arlington-Alexandria, DC-VA-MD-WV",11/1/2022,514,21
"Washington-Arlington-Alexandria, DC-VA-MD-WV",8/1/2021,913,27
"Washington-Arlington-Alexandria, DC-VA-MD-WV",7/1/2022,475,10
"Washington-Arlington-Alexandria, DC-VA-MD-WV",9/1/2022,514,15
"Washington-Arlington-Alexandria, DC-VA-MD-WV",10/1/2022,514,21
"Washington-Arlington-Alexandria, DC-VA-MD-WV",5/1/2021,685,21
"Washington-Arlington-Alexandria, DC-VA-MD-WV",5/1/2022,356,18
"Washington-Arlington-Alexandria, DC-VA-MD-WV",8/1/2022,475,5
"Washington-Arlington-Alexandria, DC-VA-MD-WV",1/1/2021,989,30
"Washington-Arlington-Alexandria, DC-VA-MD-WV",5/1/2021,685,27
"Washington-Arlington-Alexandria, DC-VA-MD-WV",7/1/2021,913,18
"Washington-Arlington-Alexandria, DC-VA-MD-WV",12/1/2021,989,40
"Washington-Arlington-Alexandria, DC-VA-MD-WV",10/1/2022,514,10
"Washington-Arlington-Alexandria, DC-VA-MD-WV",8/1/2021,913,27
"Washington-Arlington-Alexandria, DC-VA-MD-WV",9/1/2021,989,49
"Washington-Arlington-Alexandria, DC-VA-MD-WV",1/1/2022,514,26
"Washington-Arlington-Alexandria, DC-VA-MD-WV",6/1/2022,356,4
"Washington-Arlington-Alexandria, DC-VA-MD-WV",5/1/2021,685,14
"Washington-Arlington-Alexandria, DC-VA-MD-WV",6/1/2021,685,14
"Washington-Arlington-Alexandria, DC-VA-MD-WV",9/1/2021,989,20
"Washington-Arlington-Alexandria, DC-VA-MD-WV",2/1/2022,554,22
"Washington-Arlington-Alexandria, DC-VA-MD-WV",7/1/2022,475,5
"Washington-Arlington-Alexandria, DC-VA-MD-WV",12/1/2020,989,10
"Washington-Arlington-Alexandria, DC-VA-MD-WV",9/1/2022,514,26
"Washington-Arlington-Alexandria, DC-VA-MD-WV",10/1/2022,514,5
