County Code,County Title,MSA Code,MSA Title,MSA Type
48059,"Callahan County, Texas",C1018,"Abilene, TX",Metro
48253,"Jones County, Texas",C1018,"Abilene, TX",Metro
48441,"Taylor County, Texas",C1018,"Abilene, TX",Metro
72003,"Aguada Municipio, Puerto Rico",C1038,"Aguadilla-Isabela, PR",Metro
72005,"Aguadilla Municipio, Puerto Rico",C1038,"Aguadilla-Isabela, PR",Metro
72011,"Añasco Municipio, Puerto Rico",C1038,"Aguadilla-Isabela, PR",Metro
72071,"Isabela Municipio, Puerto Rico",C1038,"Aguadilla-Isabela, PR",Metro
72081,"Lares Municipio, Puerto Rico",C1038,"Aguadilla-Isabela, PR",Metro
72099,"Moca Municipio, Puerto Rico",C1038,"Aguadilla-Isabela, PR",Metro
72117,"Rincón Municipio, Puerto Rico",C1038,"Aguadilla-Isabela, PR",Metro
72131,"San Sebastián Municipio, Puerto Rico",C1038,"Aguadilla-Isabela, PR",Metro
72141,"Utuado Municipio, Puerto Rico",C1038,"Aguadilla-Isabela, PR",Metro
39133,"Portage County, Ohio",C1042,"Akron, OH",Metro
39153,"Summit County, Ohio",C1042,"Akron, OH",Metro
13007,"Baker County, Georgia",C1050,"Albany, GA",Metro
13095,"Dougherty County, Georgia",C1050,"Albany, GA",Metro
13177,"Lee County, Georgia",C1050,"Albany, GA",Metro
13273,"Terrell County, Georgia",C1050,"Albany, GA",Metro
13321,"Worth County, Georgia",C1050,"Albany, GA",Metro
41043,"Linn County, Oregon",C1054,"Albany, OR",Metro
36001,"Albany County, New York",C1058,"Albany-Schenectady-Troy, NY",Metro
36083,"Rensselaer County, New York",C1058,"Albany-Schenectady-Troy, NY",Metro
36091,"Saratoga County, New York",C1058,"Albany-Schenectady-Troy, NY",Metro
36093,"Schenectady County, New York",C1058,"Albany-Schenectady-Troy, NY",Metro
36095,"Schoharie County, New York",C1058,"Albany-Schenectady-Troy, NY",Metro
35001,"Bernalillo County, New Mexico",C1074,"Albuquerque, NM",Metro
35043,"Sandoval County, New Mexico",C1074,"Albuquerque, NM",Metro
35057,"Torrance County, New Mexico",C1074,"Albuquerque, NM",Metro
35061,"Valencia County, New Mexico",C1074,"Albuquerque, NM",Metro
22043,"Grant Parish, Louisiana",C1078,"Alexandria, LA",Metro
22079,"Rapides Parish, Louisiana",C1078,"Alexandria, LA",Metro
34041,"Warren County, New Jersey",C1090,"Allentown-Bethlehem-Easton, PA-NJ",Metro
42025,"Carbon County, Pennsylvania",C1090,"Allentown-Bethlehem-Easton, PA-NJ",Metro
42077,"Lehigh County, Pennsylvania",C1090,"Allentown-Bethlehem-Easton, PA-NJ",Metro
42095,"Northampton County, Pennsylvania",C1090,"Allentown-Bethlehem-Easton, PA-NJ",Metro
42013,"Blair County, Pennsylvania",C1102,"Altoona, PA",Metro
48011,"Armstrong County, Texas",C1110,"Amarillo, TX",Metro
48065,"Carson County, Texas",C1110,"Amarillo, TX",Metro
48359,"Oldham County, Texas",C1110,"Amarillo, TX",Metro
48375,"Potter County, Texas",C1110,"Amarillo, TX",Metro
48381,"Randall County, Texas",C1110,"Amarillo, TX",Metro
19169,"Story County, Iowa",C1118,"Ames, IA",Metro
2020,"Anchorage Municipality, Alaska",C1126,"Anchorage, AK",Metro
2170,"Matanuska-Susitna Borough, Alaska",C1126,"Anchorage, AK",Metro
26161,"Washtenaw County, Michigan",C1146,"Ann Arbor, MI",Metro
1015,"Calhoun County, Alabama",C1150,"Anniston-Oxford-Jacksonville, AL",Metro
55015,"Calumet County, Wisconsin",C1154,"Appleton, WI",Metro
55087,"Outagamie County, Wisconsin",C1154,"Appleton, WI",Metro
72013,"Arecibo Municipio, Puerto Rico",C1164,"Arecibo, PR",Metro
72027,"Camuy Municipio, Puerto Rico",C1164,"Arecibo, PR",Metro
72065,"Hatillo Municipio, Puerto Rico",C1164,"Arecibo, PR",Metro
72115,"Quebradillas Municipio, Puerto Rico",C1164,"Arecibo, PR",Metro
37021,"Buncombe County, North Carolina",C1170,"Asheville, NC",Metro
37087,"Haywood County, North Carolina",C1170,"Asheville, NC",Metro
37089,"Henderson County, North Carolina",C1170,"Asheville, NC",Metro
37115,"Madison County, North Carolina",C1170,"Asheville, NC",Metro
13059,"Clarke County, Georgia",C1202,"Athens-Clarke County, GA",Metro
13195,"Madison County, Georgia",C1202,"Athens-Clarke County, GA",Metro
13219,"Oconee County, Georgia",C1202,"Athens-Clarke County, GA",Metro
13221,"Oglethorpe County, Georgia",C1202,"Athens-Clarke County, GA",Metro
13013,"Barrow County, Georgia",C1206,"Atlanta-Sandy Springs-Alpharetta, GA",Metro
13015,"Bartow County, Georgia",C1206,"Atlanta-Sandy Springs-Alpharetta, GA",Metro
13035,"Butts County, Georgia",C1206,"Atlanta-Sandy Springs-Alpharetta, GA",Metro
13045,"Carroll County, Georgia",C1206,"Atlanta-Sandy Springs-Alpharetta, GA",Metro
13057,"Cherokee County, Georgia",C1206,"Atlanta-Sandy Springs-Alpharetta, GA",Metro
13063,"Clayton County, Georgia",C1206,"Atlanta-Sandy Springs-Alpharetta, GA",Metro
13067,"Cobb County, Georgia",C1206,"Atlanta-Sandy Springs-Alpharetta, GA",Metro
13077,"Coweta County, Georgia",C1206,"Atlanta-Sandy Springs-Alpharetta, GA",Metro
13085,"Dawson County, Georgia",C1206,"Atlanta-Sandy Springs-Alpharetta, GA",Metro
13089,"DeKalb County, Georgia",C1206,"Atlanta-Sandy Springs-Alpharetta, GA",Metro
13097,"Douglas County, Georgia",C1206,"Atlanta-Sandy Springs-Alpharetta, GA",Metro
13113,"Fayette County, Georgia",C1206,"Atlanta-Sandy Springs-Alpharetta, GA",Metro
13117,"Forsyth County, Georgia",C1206,"Atlanta-Sandy Springs-Alpharetta, GA",Metro
13121,"Fulton County, Georgia",C1206,"Atlanta-Sandy Springs-Alpharetta, GA",Metro
13135,"Gwinnett County, Georgia",C1206,"Atlanta-Sandy Springs-Alpharetta, GA",Metro
13143,"Haralson County, Georgia",C1206,"Atlanta-Sandy Springs-Alpharetta, GA",Metro
13149,"Heard County, Georgia",C1206,"Atlanta-Sandy Springs-Alpharetta, GA",Metro
13151,"Henry County, Georgia",C1206,"Atlanta-Sandy Springs-Alpharetta, GA",Metro
13159,"Jasper County, Georgia",C1206,"Atlanta-Sandy Springs-Alpharetta, GA",Metro
13171,"Lamar County, Georgia",C1206,"Atlanta-Sandy Springs-Alpharetta, GA",Metro
13199,"Meriwether County, Georgia",C1206,"Atlanta-Sandy Springs-Alpharetta, GA",Metro
13211,"Morgan County, Georgia",C1206,"Atlanta-Sandy Springs-Alpharetta, GA",Metro
13217,"Newton County, Georgia",C1206,"Atlanta-Sandy Springs-Alpharetta, GA",Metro
13223,"Paulding County, Georgia",C1206,"Atlanta-Sandy Springs-Alpharetta, GA",Metro
13227,"Pickens County, Georgia",C1206,"Atlanta-Sandy Springs-Alpharetta, GA",Metro
13231,"Pike County, Georgia",C1206,"Atlanta-Sandy Springs-Alpharetta, GA",Metro
13247,"Rockdale County, Georgia",C1206,"Atlanta-Sandy Springs-Alpharetta, GA",Metro
13255,"Spalding County, Georgia",C1206,"Atlanta-Sandy Springs-Alpharetta, GA",Metro
13297,"Walton County, Georgia",C1206,"Atlanta-Sandy Springs-Alpharetta, GA",Metro
34001,"Atlantic County, New Jersey",C1210,"Atlantic City-Hammonton, NJ",Metro
1081,"Lee County, Alabama",C1222,"Auburn-Opelika, AL",Metro
13033,"Burke County, Georgia",C1226,"Augusta-Richmond County, GA-SC",Metro
13073,"Columbia County, Georgia",C1226,"Augusta-Richmond County, GA-SC",Metro
13181,"Lincoln County, Georgia",C1226,"Augusta-Richmond County, GA-SC",Metro
13189,"McDuffie County, Georgia",C1226,"Augusta-Richmond County, GA-SC",Metro
13245,"Richmond County, Georgia",C1226,"Augusta-Richmond County, GA-SC",Metro
45003,"Aiken County, South Carolina",C1226,"Augusta-Richmond County, GA-SC",Metro
45037,"Edgefield County, South Carolina",C1226,"Augusta-Richmond County, GA-SC",Metro
48021,"Bastrop County, Texas",C1242,"Austin-Round Rock-Georgetown, TX",Metro
48055,"Caldwell County, Texas",C1242,"Austin-Round Rock-Georgetown, TX",Metro
48209,"Hays County, Texas",C1242,"Austin-Round Rock-Georgetown, TX",Metro
48453,"Travis County, Texas",C1242,"Austin-Round Rock-Georgetown, TX",Metro
48491,"Williamson County, Texas",C1242,"Austin-Round Rock-Georgetown, TX",Metro
6029,"Kern County, California",C1254,"Bakersfield, CA",Metro
24003,"Anne Arundel County, Maryland",C1258,"Baltimore-Columbia-Towson, MD",Metro
24005,"Baltimore County, Maryland",C1258,"Baltimore-Columbia-Towson, MD",Metro
24013,"Carroll County, Maryland",C1258,"Baltimore-Columbia-Towson, MD",Metro
24025,"Harford County, Maryland",C1258,"Baltimore-Columbia-Towson, MD",Metro
24027,"Howard County, Maryland",C1258,"Baltimore-Columbia-Towson, MD",Metro
24035,"Queen Anne's County, Maryland",C1258,"Baltimore-Columbia-Towson, MD",Metro
24510,"Baltimore City, Maryland",C1258,"Baltimore-Columbia-Towson, MD",Metro
23019,"Penobscot County, Maine",C1262,"Bangor, ME",Metro
25001,"Barnstable County, Massachusetts",C1270,"Barnstable Town, MA",Metro
22005,"Ascension Parish, Louisiana",C1294,"Baton Rouge, LA",Metro
22033,"East Baton Rouge Parish, Louisiana",C1294,"Baton Rouge, LA",Metro
22037,"East Feliciana Parish, Louisiana",C1294,"Baton Rouge, LA",Metro
22047,"Iberville Parish, Louisiana",C1294,"Baton Rouge, LA",Metro
22063,"Livingston Parish, Louisiana",C1294,"Baton Rouge, LA",Metro
22077,"Pointe Coupee Parish, Louisiana",C1294,"Baton Rouge, LA",Metro
22091,"St. Helena Parish, Louisiana",C1294,"Baton Rouge, LA",Metro
22121,"West Baton Rouge Parish, Louisiana",C1294,"Baton Rouge, LA",Metro
22125,"West Feliciana Parish, Louisiana",C1294,"Baton Rouge, LA",Metro
26025,"Calhoun County, Michigan",C1298,"Battle Creek, MI",Metro
26017,"Bay County, Michigan",C1302,"Bay City, MI",Metro
48199,"Hardin County, Texas",C1314,"Beaumont-Port Arthur, TX",Metro
48245,"Jefferson County, Texas",C1314,"Beaumont-Port Arthur, TX",Metro
48351,"Newton County, Texas",C1314,"Beaumont-Port Arthur, TX",Metro
48361,"Orange County, Texas",C1314,"Beaumont-Port Arthur, TX",Metro
54019,"Fayette County, West Virginia",C1322,"Beckley, WV",Metro
54081,"Raleigh County, West Virginia",C1322,"Beckley, WV",Metro
53073,"Whatcom County, Washington",C1338,"Bellingham, WA",Metro
41017,"Deschutes County, Oregon",C1346,"Bend-Redmond, OR",Metro
30009,"Carbon County, Montana",C1374,"Billings, MT",Metro
30037,"Golden Valley County, Montana",C1374,"Billings, MT",Metro
30111,"Yellowstone County, Montana",C1374,"Billings, MT",Metro
36007,"Broome County, New York",C1378,"Binghamton, NY",Metro
36107,"Tioga County, New York",C1378,"Binghamton, NY",Metro
1007,"Bibb County, Alabama",C1382,"Birmingham-Hoover, AL",Metro
1009,"Blount County, Alabama",C1382,"Birmingham-Hoover, AL",Metro
1021,"Chilton County, Alabama",C1382,"Birmingham-Hoover, AL",Metro
1073,"Jefferson County, Alabama",C1382,"Birmingham-Hoover, AL",Metro
1115,"St. Clair County, Alabama",C1382,"Birmingham-Hoover, AL",Metro
1117,"Shelby County, Alabama",C1382,"Birmingham-Hoover, AL",Metro
1127,"Walker County, Alabama",C1382,"Birmingham-Hoover, AL",Metro
38015,"Burleigh County, North Dakota",C1390,"Bismarck, ND",Metro
38059,"Morton County, North Dakota",C1390,"Bismarck, ND",Metro
38065,"Oliver County, North Dakota",C1390,"Bismarck, ND",Metro
38085,"Sioux County, North Dakota",C1390,"Bismarck, ND",Metro
51063,"Floyd County, Virginia",C1398,"Blacksburg-Christiansburg-Radford, VA",Metro
51071,"Giles County, Virginia",C1398,"Blacksburg-Christiansburg-Radford, VA",Metro
51121,"Montgomery County, Virginia",C1398,"Blacksburg-Christiansburg-Radford, VA",Metro
51155,"Pulaski County, Virginia",C1398,"Blacksburg-Christiansburg-Radford, VA",Metro
51750,"Radford City, Virginia",C1398,"Blacksburg-Christiansburg-Radford, VA",Metro
17039,"De Witt County, Illinois",C1401,"Bloomington, IL",Metro
17113,"McLean County, Illinois",C1401,"Bloomington, IL",Metro
18105,"Monroe County, Indiana",C1402,"Bloomington, IN",Metro
18119,"Owen County, Indiana",C1402,"Bloomington, IN",Metro
42037,"Columbia County, Pennsylvania",C1410,"Bloomsburg-Berwick, PA",Metro
42093,"Montour County, Pennsylvania",C1410,"Bloomsburg-Berwick, PA",Metro
16001,"Ada County, Idaho",C1426,"Boise City, ID",Metro
16015,"Boise County, Idaho",C1426,"Boise City, ID",Metro
16027,"Canyon County, Idaho",C1426,"Boise City, ID",Metro
16045,"Gem County, Idaho",C1426,"Boise City, ID",Metro
16073,"Owyhee County, Idaho",C1426,"Boise City, ID",Metro
25009,"Essex County, Massachusetts",C1446,"Boston-Cambridge-Newton, MA-NH",Metro
25017,"Middlesex County, Massachusetts",C1446,"Boston-Cambridge-Newton, MA-NH",Metro
25021,"Norfolk County, Massachusetts",C1446,"Boston-Cambridge-Newton, MA-NH",Metro
25023,"Plymouth County, Massachusetts",C1446,"Boston-Cambridge-Newton, MA-NH",Metro
25025,"Suffolk County, Massachusetts",C1446,"Boston-Cambridge-Newton, MA-NH",Metro
33015,"Rockingham County, New Hampshire",C1446,"Boston-Cambridge-Newton, MA-NH",Metro
33017,"Strafford County, New Hampshire",C1446,"Boston-Cambridge-Newton, MA-NH",Metro
8013,"Boulder County, Colorado",C1450,"Boulder, CO",Metro
21003,"Allen County, Kentucky",C1454,"Bowling Green, KY",Metro
21031,"Butler County, Kentucky",C1454,"Bowling Green, KY",Metro
21061,"Edmonson County, Kentucky",C1454,"Bowling Green, KY",Metro
21227,"Warren County, Kentucky",C1454,"Bowling Green, KY",Metro
53035,"Kitsap County, Washington",C1474,"Bremerton-Silverdale, WA",Metro
9001,"Fairfield County, Connecticut",C1486,"Bridgeport-Stamford-Norwalk, CT",Metro
48061,"Cameron County, Texas",C1518,"Brownsville-Harlingen, TX",Metro
13025,"Brantley County, Georgia",C1526,"Brunswick, GA",Metro
13127,"Glynn County, Georgia",C1526,"Brunswick, GA",Metro
13191,"McIntosh County, Georgia",C1526,"Brunswick, GA",Metro
36029,"Erie County, New York",C1538,"Buffalo-Cheektowaga-Niagara Falls, NY",Metro
36063,"Niagara County, New York",C1538,"Buffalo-Cheektowaga-Niagara Falls, NY",Metro
37001,"Alamance County, North Carolina",C1550,"Burlington, NC",Metro
50007,"Chittenden County, Vermont",C1554,"Burlington-South Burlington, VT",Metro
50011,"Franklin County, Vermont",C1554,"Burlington-South Burlington, VT",Metro
50013,"Grand Isle County, Vermont",C1554,"Burlington-South Burlington, VT",Metro
24037,"St. Mary's County, Maryland",C1568,"California-Lexington Park, MD",Metro
39019,"Carroll County, Ohio",C1594,"Canton-Massillon, OH",Metro
39151,"Stark County, Ohio",C1594,"Canton-Massillon, OH",Metro
12071,"Lee County, Florida",C1598,"Cape Coral-Fort Myers, FL",Metro
17003,"Alexander County, Illinois",C1602,"Cape Girardeau, MO-IL",Metro
29017,"Bollinger County, Missouri",C1602,"Cape Girardeau, MO-IL",Metro
29031,"Cape Girardeau County, Missouri",C1602,"Cape Girardeau, MO-IL",Metro
17077,"Jackson County, Illinois",C1606,"Carbondale-Marion, IL",Metro
17199,"Williamson County, Illinois",C1606,"Carbondale-Marion, IL",Metro
32510,"Carson City, Nevada",C1618,"Carson City, NV",Metro
56025,"Natrona County, Wyoming",C1622,"Casper, WY",Metro
19011,"Benton County, Iowa",C1630,"Cedar Rapids, IA",Metro
19105,"Jones County, Iowa",C1630,"Cedar Rapids, IA",Metro
19113,"Linn County, Iowa",C1630,"Cedar Rapids, IA",Metro
42055,"Franklin County, Pennsylvania",C1654,"Chambersburg-Waynesboro, PA",Metro
17019,"Champaign County, Illinois",C1658,"Champaign-Urbana, IL",Metro
17053,"Ford County, Illinois",C1658,"Champaign-Urbana, IL",Metro
17147,"Piatt County, Illinois",C1658,"Champaign-Urbana, IL",Metro
54005,"Boone County, West Virginia",C1662,"Charleston, WV",Metro
54015,"Clay County, West Virginia",C1662,"Charleston, WV",Metro
54039,"Kanawha County, West Virginia",C1662,"Charleston, WV",Metro
45015,"Berkeley County, South Carolina",C1670,"Charleston-North Charleston, SC",Metro
45019,"Charleston County, South Carolina",C1670,"Charleston-North Charleston, SC",Metro
45035,"Dorchester County, South Carolina",C1670,"Charleston-North Charleston, SC",Metro
37025,"Cabarrus County, North Carolina",C1674,"Charlotte-Concord-Gastonia, NC-SC",Metro
37071,"Gaston County, North Carolina",C1674,"Charlotte-Concord-Gastonia, NC-SC",Metro
37097,"Iredell County, North Carolina",C1674,"Charlotte-Concord-Gastonia, NC-SC",Metro
37109,"Lincoln County, North Carolina",C1674,"Charlotte-Concord-Gastonia, NC-SC",Metro
37119,"Mecklenburg County, North Carolina",C1674,"Charlotte-Concord-Gastonia, NC-SC",Metro
37159,"Rowan County, North Carolina",C1674,"Charlotte-Concord-Gastonia, NC-SC",Metro
37179,"Union County, North Carolina",C1674,"Charlotte-Concord-Gastonia, NC-SC",Metro
45023,"Chester County, South Carolina",C1674,"Charlotte-Concord-Gastonia, NC-SC",Metro
45057,"Lancaster County, South Carolina",C1674,"Charlotte-Concord-Gastonia, NC-SC",Metro
45091,"York County, South Carolina",C1674,"Charlotte-Concord-Gastonia, NC-SC",Metro
51003,"Albemarle County, Virginia",C1682,"Charlottesville, VA",Metro
51029,"Buckingham County, Virginia",C1682,"Charlottesville, VA",Metro
51065,"Fluvanna County, Virginia",C1682,"Charlottesville, VA",Metro
51079,"Greene County, Virginia",C1682,"Charlottesville, VA",Metro
51125,"Nelson County, Virginia",C1682,"Charlottesville, VA",Metro
51540,"Charlottesville City, Virginia",C1682,"Charlottesville, VA",Metro
13047,"Catoosa County, Georgia",C1686,"Chattanooga, TN-GA",Metro
13083,"Dade County, Georgia",C1686,"Chattanooga, TN-GA",Metro
13295,"Walker County, Georgia",C1686,"Chattanooga, TN-GA",Metro
47065,"Hamilton County, Tennessee",C1686,"Chattanooga, TN-GA",Metro
47115,"Marion County, Tennessee",C1686,"Chattanooga, TN-GA",Metro
47153,"Sequatchie County, Tennessee",C1686,"Chattanooga, TN-GA",Metro
56021,"Laramie County, Wyoming",C1694,"Cheyenne, WY",Metro
17031,"Cook County, Illinois",C1698,"Chicago-Naperville-Elgin, IL-IN-WI",Metro
17037,"DeKalb County, Illinois",C1698,"Chicago-Naperville-Elgin, IL-IN-WI",Metro
17043,"DuPage County, Illinois",C1698,"Chicago-Naperville-Elgin, IL-IN-WI",Metro
17063,"Grundy County, Illinois",C1698,"Chicago-Naperville-Elgin, IL-IN-WI",Metro
17089,"Kane County, Illinois",C1698,"Chicago-Naperville-Elgin, IL-IN-WI",Metro
17093,"Kendall County, Illinois",C1698,"Chicago-Naperville-Elgin, IL-IN-WI",Metro
17097,"Lake County, Illinois",C1698,"Chicago-Naperville-Elgin, IL-IN-WI",Metro
17111,"McHenry County, Illinois",C1698,"Chicago-Naperville-Elgin, IL-IN-WI",Metro
17197,"Will County, Illinois",C1698,"Chicago-Naperville-Elgin, IL-IN-WI",Metro
18073,"Jasper County, Indiana",C1698,"Chicago-Naperville-Elgin, IL-IN-WI",Metro
18089,"Lake County, Indiana",C1698,"Chicago-Naperville-Elgin, IL-IN-WI",Metro
18111,"Newton County, Indiana",C1698,"Chicago-Naperville-Elgin, IL-IN-WI",Metro
18127,"Porter County, Indiana",C1698,"Chicago-Naperville-Elgin, IL-IN-WI",Metro
55059,"Kenosha County, Wisconsin",C1698,"Chicago-Naperville-Elgin, IL-IN-WI",Metro
6007,"Butte County, California",C1702,"Chico, CA",Metro
18029,"Dearborn County, Indiana",C1714,"Cincinnati, OH-KY-IN",Metro
18115,"Ohio County, Indiana",C1714,"Cincinnati, OH-KY-IN",Metro
18161,"Union County, Indiana",C1714,"Cincinnati, OH-KY-IN",Metro
21015,"Boone County, Kentucky",C1714,"Cincinnati, OH-KY-IN",Metro
21023,"Bracken County, Kentucky",C1714,"Cincinnati, OH-KY-IN",Metro
21037,"Campbell County, Kentucky",C1714,"Cincinnati, OH-KY-IN",Metro
21077,"Gallatin County, Kentucky",C1714,"Cincinnati, OH-KY-IN",Metro
21081,"Grant County, Kentucky",C1714,"Cincinnati, OH-KY-IN",Metro
21117,"Kenton County, Kentucky",C1714,"Cincinnati, OH-KY-IN",Metro
21191,"Pendleton County, Kentucky",C1714,"Cincinnati, OH-KY-IN",Metro
39015,"Brown County, Ohio",C1714,"Cincinnati, OH-KY-IN",Metro
39017,"Butler County, Ohio",C1714,"Cincinnati, OH-KY-IN",Metro
39025,"Clermont County, Ohio",C1714,"Cincinnati, OH-KY-IN",Metro
39061,"Hamilton County, Ohio",C1714,"Cincinnati, OH-KY-IN",Metro
39165,"Warren County, Ohio",C1714,"Cincinnati, OH-KY-IN",Metro
21047,"Christian County, Kentucky",C1730,"Clarksville, TN-KY",Metro
21221,"Trigg County, Kentucky",C1730,"Clarksville, TN-KY",Metro
47125,"Montgomery County, Tennessee",C1730,"Clarksville, TN-KY",Metro
47011,"Bradley County, Tennessee",C1742,"Cleveland, TN",Metro
47139,"Polk County, Tennessee",C1742,"Cleveland, TN",Metro
39035,"Cuyahoga County, Ohio",C1746,"Cleveland-Elyria, OH",Metro
39055,"Geauga County, Ohio",C1746,"Cleveland-Elyria, OH",Metro
39085,"Lake County, Ohio",C1746,"Cleveland-Elyria, OH",Metro
39093,"Lorain County, Ohio",C1746,"Cleveland-Elyria, OH",Metro
39103,"Medina County, Ohio",C1746,"Cleveland-Elyria, OH",Metro
16055,"Kootenai County, Idaho",C1766,"Coeur d'Alene, ID",Metro
48041,"Brazos County, Texas",C1778,"College Station-Bryan, TX",Metro
48051,"Burleson County, Texas",C1778,"College Station-Bryan, TX",Metro
48395,"Robertson County, Texas",C1778,"College Station-Bryan, TX",Metro
8041,"El Paso County, Colorado",C1782,"Colorado Springs, CO",Metro
8119,"Teller County, Colorado",C1782,"Colorado Springs, CO",Metro
29019,"Boone County, Missouri",C1786,"Columbia, MO",Metro
45017,"Calhoun County, South Carolina",C1790,"Columbia, SC",Metro
45039,"Fairfield County, South Carolina",C1790,"Columbia, SC",Metro
45055,"Kershaw County, South Carolina",C1790,"Columbia, SC",Metro
45063,"Lexington County, South Carolina",C1790,"Columbia, SC",Metro
45079,"Richland County, South Carolina",C1790,"Columbia, SC",Metro
45081,"Saluda County, South Carolina",C1790,"Columbia, SC",Metro
1113,"Russell County, Alabama",C1798,"Columbus, GA-AL",Metro
13053,"Chattahoochee County, Georgia",C1798,"Columbus, GA-AL",Metro
13145,"Harris County, Georgia",C1798,"Columbus, GA-AL",Metro
13197,"Marion County, Georgia",C1798,"Columbus, GA-AL",Metro
13215,"Muscogee County, Georgia",C1798,"Columbus, GA-AL",Metro
18005,"Bartholomew County, Indiana",C1802,"Columbus, IN",Metro
39041,"Delaware County, Ohio",C1814,"Columbus, OH",Metro
39045,"Fairfield County, Ohio",C1814,"Columbus, OH",Metro
39049,"Franklin County, Ohio",C1814,"Columbus, OH",Metro
39073,"Hocking County, Ohio",C1814,"Columbus, OH",Metro
39089,"Licking County, Ohio",C1814,"Columbus, OH",Metro
39097,"Madison County, Ohio",C1814,"Columbus, OH",Metro
39117,"Morrow County, Ohio",C1814,"Columbus, OH",Metro
39127,"Perry County, Ohio",C1814,"Columbus, OH",Metro
39129,"Pickaway County, Ohio",C1814,"Columbus, OH",Metro
39159,"Union County, Ohio",C1814,"Columbus, OH",Metro
48007,"Aransas County, Texas",C1858,"Corpus Christi, TX",Metro
48355,"Nueces County, Texas",C1858,"Corpus Christi, TX",Metro
48409,"San Patricio County, Texas",C1858,"Corpus Christi, TX",Metro
41003,"Benton County, Oregon",C1870,"Corvallis, OR",Metro
12091,"Okaloosa County, Florida",C1888,"Crestview-Fort Walton Beach-Destin, FL",Metro
12131,"Walton County, Florida",C1888,"Crestview-Fort Walton Beach-Destin, FL",Metro
24001,"Allegany County, Maryland",C1906,"Cumberland, MD-WV",Metro
54057,"Mineral County, West Virginia",C1906,"Cumberland, MD-WV",Metro
48085,"Collin County, Texas",C1910,"Dallas-Fort Worth-Arlington, TX",Metro
48113,"Dallas County, Texas",C1910,"Dallas-Fort Worth-Arlington, TX",Metro
48121,"Denton County, Texas",C1910,"Dallas-Fort Worth-Arlington, TX",Metro
48139,"Ellis County, Texas",C1910,"Dallas-Fort Worth-Arlington, TX",Metro
48221,"Hood County, Texas",C1910,"Dallas-Fort Worth-Arlington, TX",Metro
48231,"Hunt County, Texas",C1910,"Dallas-Fort Worth-Arlington, TX",Metro
48251,"Johnson County, Texas",C1910,"Dallas-Fort Worth-Arlington, TX",Metro
48257,"Kaufman County, Texas",C1910,"Dallas-Fort Worth-Arlington, TX",Metro
48367,"Parker County, Texas",C1910,"Dallas-Fort Worth-Arlington, TX",Metro
48397,"Rockwall County, Texas",C1910,"Dallas-Fort Worth-Arlington, TX",Metro
48425,"Somervell County, Texas",C1910,"Dallas-Fort Worth-Arlington, TX",Metro
48439,"Tarrant County, Texas",C1910,"Dallas-Fort Worth-Arlington, TX",Metro
48497,"Wise County, Texas",C1910,"Dallas-Fort Worth-Arlington, TX",Metro
13213,"Murray County, Georgia",C1914,"Dalton, GA",Metro
13313,"Whitfield County, Georgia",C1914,"Dalton, GA",Metro
17183,"Vermilion County, Illinois",C1918,"Danville, IL",Metro
1003,"Baldwin County, Alabama",C1930,"Daphne-Fairhope-Foley, AL",Metro
17073,"Henry County, Illinois",C1934,"Davenport-Moline-Rock Island, IA-IL",Metro
17131,"Mercer County, Illinois",C1934,"Davenport-Moline-Rock Island, IA-IL",Metro
17161,"Rock Island County, Illinois",C1934,"Davenport-Moline-Rock Island, IA-IL",Metro
19163,"Scott County, Iowa",C1934,"Davenport-Moline-Rock Island, IA-IL",Metro
39057,"Greene County, Ohio",C1938,"Dayton, OH",Metro
39109,"Miami County, Ohio",C1938,"Dayton, OH",Metro
39113,"Montgomery County, Ohio",C1938,"Dayton, OH",Metro
1079,"Lawrence County, Alabama",C1946,"Decatur, AL",Metro
1103,"Morgan County, Alabama",C1946,"Decatur, AL",Metro
17115,"Macon County, Illinois",C1950,"Decatur, IL",Metro
12035,"Flagler County, Florida",C1966,"Deltona-Daytona Beach-Ormond Beach, FL",Metro
12127,"Volusia County, Florida",C1966,"Deltona-Daytona Beach-Ormond Beach, FL",Metro
8001,"Adams County, Colorado",C1974,"Denver-Aurora-Lakewood, CO",Metro
8005,"Arapahoe County, Colorado",C1974,"Denver-Aurora-Lakewood, CO",Metro
8014,"Broomfield County, Colorado",C1974,"Denver-Aurora-Lakewood, CO",Metro
8019,"Clear Creek County, Colorado",C1974,"Denver-Aurora-Lakewood, CO",Metro
8031,"Denver County, Colorado",C1974,"Denver-Aurora-Lakewood, CO",Metro
8035,"Douglas County, Colorado",C1974,"Denver-Aurora-Lakewood, CO",Metro
8039,"Elbert County, Colorado",C1974,"Denver-Aurora-Lakewood, CO",Metro
8047,"Gilpin County, Colorado",C1974,"Denver-Aurora-Lakewood, CO",Metro
8059,"Jefferson County, Colorado",C1974,"Denver-Aurora-Lakewood, CO",Metro
8093,"Park County, Colorado",C1974,"Denver-Aurora-Lakewood, CO",Metro
19049,"Dallas County, Iowa",C1978,"Des Moines-West Des Moines, IA",Metro
19077,"Guthrie County, Iowa",C1978,"Des Moines-West Des Moines, IA",Metro
19121,"Madison County, Iowa",C1978,"Des Moines-West Des Moines, IA",Metro
19153,"Polk County, Iowa",C1978,"Des Moines-West Des Moines, IA",Metro
19181,"Warren County, Iowa",C1978,"Des Moines-West Des Moines, IA",Metro
26087,"Lapeer County, Michigan",C1982,"Detroit-Warren-Dearborn, MI",Metro
26093,"Livingston County, Michigan",C1982,"Detroit-Warren-Dearborn, MI",Metro
26099,"Macomb County, Michigan",C1982,"Detroit-Warren-Dearborn, MI",Metro
26125,"Oakland County, Michigan",C1982,"Detroit-Warren-Dearborn, MI",Metro
26147,"St. Clair County, Michigan",C1982,"Detroit-Warren-Dearborn, MI",Metro
26163,"Wayne County, Michigan",C1982,"Detroit-Warren-Dearborn, MI",Metro
1061,"Geneva County, Alabama",C2002,"Dothan, AL",Metro
1067,"Henry County, Alabama",C2002,"Dothan, AL",Metro
1069,"Houston County, Alabama",C2002,"Dothan, AL",Metro
10001,"Kent County, Delaware",C2010,"Dover, DE",Metro
19061,"Dubuque County, Iowa",C2022,"Dubuque, IA",Metro
27017,"Carlton County, Minnesota",C2026,"Duluth, MN-WI",Metro
27137,"St. Louis County, Minnesota",C2026,"Duluth, MN-WI",Metro
55031,"Douglas County, Wisconsin",C2026,"Duluth, MN-WI",Metro
37037,"Chatham County, North Carolina",C2050,"Durham-Chapel Hill, NC",Metro
37063,"Durham County, North Carolina",C2050,"Durham-Chapel Hill, NC",Metro
37135,"Orange County, North Carolina",C2050,"Durham-Chapel Hill, NC",Metro
37145,"Person County, North Carolina",C2050,"Durham-Chapel Hill, NC",Metro
42089,"Monroe County, Pennsylvania",C2070,"East Stroudsburg, PA",Metro
55017,"Chippewa County, Wisconsin",C2074,"Eau Claire, WI",Metro
55035,"Eau Claire County, Wisconsin",C2074,"Eau Claire, WI",Metro
6025,"Imperial County, California",C2094,"El Centro, CA",Metro
48141,"El Paso County, Texas",C2134,"El Paso, TX",Metro
48229,"Hudspeth County, Texas",C2134,"El Paso, TX",Metro
21093,"Hardin County, Kentucky",C2106,"Elizabethtown-Fort Knox, KY",Metro
21123,"Larue County, Kentucky",C2106,"Elizabethtown-Fort Knox, KY",Metro
21163,"Meade County, Kentucky",C2106,"Elizabethtown-Fort Knox, KY",Metro
18039,"Elkhart County, Indiana",C2114,"Elkhart-Goshen, IN",Metro
36015,"Chemung County, New York",C2130,"Elmira, NY",Metro
42049,"Erie County, Pennsylvania",C2150,"Erie, PA",Metro
41039,"Lane County, Oregon",C2166,"Eugene, OR",Metro
18129,"Posey County, Indiana",C2178,"Evansville, IN-KY",Metro
18163,"Vanderburgh County, Indiana",C2178,"Evansville, IN-KY",Metro
18173,"Warrick County, Indiana",C2178,"Evansville, IN-KY",Metro
21101,"Henderson County, Kentucky",C2178,"Evansville, IN-KY",Metro
2090,"Fairbanks North Star Borough, Alaska",C2182,"Fairbanks, AK",Metro
27027,"Clay County, Minnesota",C2202,"Fargo, ND-MN",Metro
38017,"Cass County, North Dakota",C2202,"Fargo, ND-MN",Metro
35045,"San Juan County, New Mexico",C2214,"Farmington, NM",Metro
37051,"Cumberland County, North Carolina",C2218,"Fayetteville, NC",Metro
37093,"Hoke County, North Carolina",C2218,"Fayetteville, NC",Metro
5007,"Benton County, Arkansas",C2222,"Fayetteville-Springdale-Rogers, AR-MO",Metro
5087,"Madison County, Arkansas",C2222,"Fayetteville-Springdale-Rogers, AR-MO",Metro
5143,"Washington County, Arkansas",C2222,"Fayetteville-Springdale-Rogers, AR-MO",Metro
29119,"McDonald County, Missouri",C2222,"Fayetteville-Springdale-Rogers, AR-MO",Metro
4005,"Coconino County, Arizona",C2238,"Flagstaff, AZ",Metro
26049,"Genesee County, Michigan",C2242,"Flint, MI",Metro
45031,"Darlington County, South Carolina",C2250,"Florence, SC",Metro
45041,"Florence County, South Carolina",C2250,"Florence, SC",Metro
1033,"Colbert County, Alabama",C2252,"Florence-Muscle Shoals, AL",Metro
1077,"Lauderdale County, Alabama",C2252,"Florence-Muscle Shoals, AL",Metro
55039,"Fond du Lac County, Wisconsin",C2254,"Fond du Lac, WI",Metro
8069,"Larimer County, Colorado",C2266,"Fort Collins, CO",Metro
5033,"Crawford County, Arkansas",C2290,"Fort Smith, AR-OK",Metro
5131,"Sebastian County, Arkansas",C2290,"Fort Smith, AR-OK",Metro
40079,"Le Flore County, Oklahoma",C2290,"Fort Smith, AR-OK",Metro
40135,"Sequoyah County, Oklahoma",C2290,"Fort Smith, AR-OK",Metro
18003,"Allen County, Indiana",C2306,"Fort Wayne, IN",Metro
18179,"Wells County, Indiana",C2306,"Fort Wayne, IN",Metro
18183,"Whitley County, Indiana",C2306,"Fort Wayne, IN",Metro
6019,"Fresno County, California",C2342,"Fresno, CA",Metro
1055,"Etowah County, Alabama",C2346,"Gadsden, AL",Metro
12001,"Alachua County, Florida",C2354,"Gainesville, FL",Metro
12041,"Gilchrist County, Florida",C2354,"Gainesville, FL",Metro
13139,"Hall County, Georgia",C2358,"Gainesville, GA",Metro
42001,"Adams County, Pennsylvania",C2390,"Gettysburg, PA",Metro
36113,"Warren County, New York",C2402,"Glens Falls, NY",Metro
36115,"Washington County, New York",C2402,"Glens Falls, NY",Metro
37191,"Wayne County, North Carolina",C2414,"Goldsboro, NC",Metro
27119,"Polk County, Minnesota",C2422,"Grand Forks, ND-MN",Metro
38035,"Grand Forks County, North Dakota",C2422,"Grand Forks, ND-MN",Metro
31079,"Hall County, Nebraska",C2426,"Grand Island, NE",Metro
31081,"Hamilton County, Nebraska",C2426,"Grand Island, NE",Metro
31093,"Howard County, Nebraska",C2426,"Grand Island, NE",Metro
31121,"Merrick County, Nebraska",C2426,"Grand Island, NE",Metro
8077,"Mesa County, Colorado",C2430,"Grand Junction, CO",Metro
26015,"Barry County, Michigan",C2434,"Grand Rapids-Wyoming, MI",Metro
26081,"Kent County, Michigan",C2434,"Grand Rapids-Wyoming, MI",Metro
26117,"Montcalm County, Michigan",C2434,"Grand Rapids-Wyoming, MI",Metro
26139,"Ottawa County, Michigan",C2434,"Grand Rapids-Wyoming, MI",Metro
41033,"Josephine County, Oregon",C2442,"Grants Pass, OR",Metro
30013,"Cascade County, Montana",C2450,"Great Falls, MT",Metro
8123,"Weld County, Colorado",C2454,"Greeley, CO",Metro
55009,"Brown County, Wisconsin",C2458,"Green Bay, WI",Metro
55061,"Kewaunee County, Wisconsin",C2458,"Green Bay, WI",Metro
55083,"Oconto County, Wisconsin",C2458,"Green Bay, WI",Metro
37081,"Guilford County, North Carolina",C2466,"Greensboro-High Point, NC",Metro
37151,"Randolph County, North Carolina",C2466,"Greensboro-High Point, NC",Metro
37157,"Rockingham County, North Carolina",C2466,"Greensboro-High Point, NC",Metro
37147,"Pitt County, North Carolina",C2478,"Greenville, NC",Metro
45007,"Anderson County, South Carolina",C2486,"Greenville-Anderson-Mauldin, SC",Metro
45045,"Greenville County, South Carolina",C2486,"Greenville-Anderson-Mauldin, SC",Metro
45059,"Laurens County, South Carolina",C2486,"Greenville-Anderson-Mauldin, SC",Metro
45077,"Pickens County, South Carolina",C2486,"Greenville-Anderson-Mauldin, SC",Metro
72015,"Arroyo Municipio, Puerto Rico",C2502,"Guayama, PR",Metro
72057,"Guayama Municipio, Puerto Rico",C2502,"Guayama, PR",Metro
72109,"Patillas Municipio, Puerto Rico",C2502,"Guayama, PR",Metro
28045,"Hancock County, Mississippi",C2506,"Gulfport-Biloxi-Pascagoula, MS",Metro
28047,"Harrison County, Mississippi",C2506,"Gulfport-Biloxi-Pascagoula, MS",Metro
28059,"Jackson County, Mississippi",C2506,"Gulfport-Biloxi-Pascagoula, MS",Metro
24043,"Washington County, Maryland",C2518,"Hagerstown-Martinsburg, MD-WV",Metro
54003,"Berkeley County, West Virginia",C2518,"Hagerstown-Martinsburg, MD-WV",Metro
22105,"Tangipahoa Parish, Louisiana",C2522,"Hammond, LA",Metro
6031,"Kings County, California",C2526,"Hanford-Corcoran, CA",Metro
42041,"Cumberland County, Pennsylvania",C2542,"Harrisburg-Carlisle, PA",Metro
42043,"Dauphin County, Pennsylvania",C2542,"Harrisburg-Carlisle, PA",Metro
42099,"Perry County, Pennsylvania",C2542,"Harrisburg-Carlisle, PA",Metro
51165,"Rockingham County, Virginia",C2550,"Harrisonburg, VA",Metro
51660,"Harrisonburg City, Virginia",C2550,"Harrisonburg, VA",Metro
9003,"Hartford County, Connecticut",C2554,"Hartford-West Hartford-East Hartford, CT",Metro
9007,"Middlesex County, Connecticut",C2554,"Hartford-West Hartford-East Hartford, CT",Metro
9013,"Tolland County, Connecticut",C2554,"Hartford-West Hartford-East Hartford, CT",Metro
28035,"Forrest County, Mississippi",C2562,"Hattiesburg, MS",Metro
28073,"Lamar County, Mississippi",C2562,"Hattiesburg, MS",Metro
28111,"Perry County, Mississippi",C2562,"Hattiesburg, MS",Metro
37003,"Alexander County, North Carolina",C2586,"Hickory-Lenoir-Morganton, NC",Metro
37023,"Burke County, North Carolina",C2586,"Hickory-Lenoir-Morganton, NC",Metro
37027,"Caldwell County, North Carolina",C2586,"Hickory-Lenoir-Morganton, NC",Metro
37035,"Catawba County, North Carolina",C2586,"Hickory-Lenoir-Morganton, NC",Metro
45013,"Beaufort County, South Carolina",C2594,"Hilton Head Island-Bluffton-Beaufort, SC",Metro
45053,"Jasper County, South Carolina",C2594,"Hilton Head Island-Bluffton-Beaufort, SC",Metro
13179,"Liberty County, Georgia",C2598,"Hinesville, GA",Metro
13183,"Long County, Georgia",C2598,"Hinesville, GA",Metro
12017,"Citrus County, Florida",C2614,"Homosassa Springs, FL",Metro
5051,"Garland County, Arkansas",C2630,"Hot Springs, AR",Metro
22057,"Lafourche Parish, Louisiana",C2638,"Houma-Thibodaux, LA",Metro
22109,"Terrebonne Parish, Louisiana",C2638,"Houma-Thibodaux, LA",Metro
48015,"Austin County, Texas",C2642,"Houston-The Woodlands-Sugar Land, TX",Metro
48039,"Brazoria County, Texas",C2642,"Houston-The Woodlands-Sugar Land, TX",Metro
48071,"Chambers County, Texas",C2642,"Houston-The Woodlands-Sugar Land, TX",Metro
48157,"Fort Bend County, Texas",C2642,"Houston-The Woodlands-Sugar Land, TX",Metro
48167,"Galveston County, Texas",C2642,"Houston-The Woodlands-Sugar Land, TX",Metro
48201,"Harris County, Texas",C2642,"Houston-The Woodlands-Sugar Land, TX",Metro
48291,"Liberty County, Texas",C2642,"Houston-The Woodlands-Sugar Land, TX",Metro
48339,"Montgomery County, Texas",C2642,"Houston-The Woodlands-Sugar Land, TX",Metro
48473,"Waller County, Texas",C2642,"Houston-The Woodlands-Sugar Land, TX",Metro
21019,"Boyd County, Kentucky",C2658,"Huntington-Ashland, WV-KY-OH",Metro
21089,"Greenup County, Kentucky",C2658,"Huntington-Ashland, WV-KY-OH",Metro
39087,"Lawrence County, Ohio",C2658,"Huntington-Ashland, WV-KY-OH",Metro
54011,"Cabell County, West Virginia",C2658,"Huntington-Ashland, WV-KY-OH",Metro
54043,"Lincoln County, West Virginia",C2658,"Huntington-Ashland, WV-KY-OH",Metro
54079,"Putnam County, West Virginia",C2658,"Huntington-Ashland, WV-KY-OH",Metro
54099,"Wayne County, West Virginia",C2658,"Huntington-Ashland, WV-KY-OH",Metro
1083,"Limestone County, Alabama",C2662,"Huntsville, AL",Metro
1089,"Madison County, Alabama",C2662,"Huntsville, AL",Metro
16019,"Bonneville County, Idaho",C2682,"Idaho Falls, ID",Metro
16023,"Butte County, Idaho",C2682,"Idaho Falls, ID",Metro
16051,"Jefferson County, Idaho",C2682,"Idaho Falls, ID",Metro
18011,"Boone County, Indiana",C2690,"Indianapolis-Carmel-Anderson, IN",Metro
18013,"Brown County, Indiana",C2690,"Indianapolis-Carmel-Anderson, IN",Metro
18057,"Hamilton County, Indiana",C2690,"Indianapolis-Carmel-Anderson, IN",Metro
18059,"Hancock County, Indiana",C2690,"Indianapolis-Carmel-Anderson, IN",Metro
18063,"Hendricks County, Indiana",C2690,"Indianapolis-Carmel-Anderson, IN",Metro
18081,"Johnson County, Indiana",C2690,"Indianapolis-Carmel-Anderson, IN",Metro
18095,"Madison County, Indiana",C2690,"Indianapolis-Carmel-Anderson, IN",Metro
18097,"Marion County, Indiana",C2690,"Indianapolis-Carmel-Anderson, IN",Metro
18109,"Morgan County, Indiana",C2690,"Indianapolis-Carmel-Anderson, IN",Metro
18133,"Putnam County, Indiana",C2690,"Indianapolis-Carmel-Anderson, IN",Metro
18145,"Shelby County, Indiana",C2690,"Indianapolis-Carmel-Anderson, IN",Metro
19103,"Johnson County, Iowa",C2698,"Iowa City, IA",Metro
19183,"Washington County, Iowa",C2698,"Iowa City, IA",Metro
36109,"Tompkins County, New York",C2706,"Ithaca, NY",Metro
26075,"Jackson County, Michigan",C2710,"Jackson, MI",Metro
28029,"Copiah County, Mississippi",C2714,"Jackson, MS",Metro
28049,"Hinds County, Mississippi",C2714,"Jackson, MS",Metro
28089,"Madison County, Mississippi",C2714,"Jackson, MS",Metro
28121,"Rankin County, Mississippi",C2714,"Jackson, MS",Metro
28127,"Simpson County, Mississippi",C2714,"Jackson, MS",Metro
28163,"Yazoo County, Mississippi",C2714,"Jackson, MS",Metro
47023,"Chester County, Tennessee",C2718,"Jackson, TN",Metro
47033,"Crockett County, Tennessee",C2718,"Jackson, TN",Metro
47113,"Madison County, Tennessee",C2718,"Jackson, TN",Metro
12003,"Baker County, Florida",C2726,"Jacksonville, FL",Metro
12019,"Clay County, Florida",C2726,"Jacksonville, FL",Metro
12031,"Duval County, Florida",C2726,"Jacksonville, FL",Metro
12089,"Nassau County, Florida",C2726,"Jacksonville, FL",Metro
12109,"St. Johns County, Florida",C2726,"Jacksonville, FL",Metro
37133,"Onslow County, North Carolina",C2734,"Jacksonville, NC",Metro
55105,"Rock County, Wisconsin",C2750,"Janesville-Beloit, WI",Metro
29027,"Callaway County, Missouri",C2762,"Jefferson City, MO",Metro
29051,"Cole County, Missouri",C2762,"Jefferson City, MO",Metro
29135,"Moniteau County, Missouri",C2762,"Jefferson City, MO",Metro
29151,"Osage County, Missouri",C2762,"Jefferson City, MO",Metro
47019,"Carter County, Tennessee",C2774,"Johnson City, TN",Metro
47171,"Unicoi County, Tennessee",C2774,"Johnson City, TN",Metro
47179,"Washington County, Tennessee",C2774,"Johnson City, TN",Metro
42021,"Cambria County, Pennsylvania",C2778,"Johnstown, PA",Metro
5031,"Craighead County, Arkansas",C2786,"Jonesboro, AR",Metro
5111,"Poinsett County, Arkansas",C2786,"Jonesboro, AR",Metro
29097,"Jasper County, Missouri",C2790,"Joplin, MO",Metro
29145,"Newton County, Missouri",C2790,"Joplin, MO",Metro
15009,"Maui + Kalawao County, Hawaii",C2798,"Kahului-Wailuku-Lahaina, HI",Metro
26077,"Kalamazoo County, Michigan",C2802,"Kalamazoo-Portage, MI",Metro
26159,"Van Buren County, Michigan",C2802,"Kalamazoo-Portage, MI",Metro
17091,"Kankakee County, Illinois",C2810,"Kankakee, IL",Metro
20091,"Johnson County, Kansas",C2814,"Kansas City, MO-KS",Metro
20103,"Leavenworth County, Kansas",C2814,"Kansas City, MO-KS",Metro
20107,"Linn County, Kansas",C2814,"Kansas City, MO-KS",Metro
20121,"Miami County, Kansas",C2814,"Kansas City, MO-KS",Metro
20209,"Wyandotte County, Kansas",C2814,"Kansas City, MO-KS",Metro
29013,"Bates County, Missouri",C2814,"Kansas City, MO-KS",Metro
29025,"Caldwell County, Missouri",C2814,"Kansas City, MO-KS",Metro
29037,"Cass County, Missouri",C2814,"Kansas City, MO-KS",Metro
29047,"Clay County, Missouri",C2814,"Kansas City, MO-KS",Metro
29049,"Clinton County, Missouri",C2814,"Kansas City, MO-KS",Metro
29095,"Jackson County, Missouri",C2814,"Kansas City, MO-KS",Metro
29107,"Lafayette County, Missouri",C2814,"Kansas City, MO-KS",Metro
29165,"Platte County, Missouri",C2814,"Kansas City, MO-KS",Metro
29177,"Ray County, Missouri",C2814,"Kansas City, MO-KS",Metro
53005,"Benton County, Washington",C2842,"Kennewick-Richland, WA",Metro
53021,"Franklin County, Washington",C2842,"Kennewick-Richland, WA",Metro
48027,"Bell County, Texas",C2866,"Killeen-Temple, TX",Metro
48099,"Coryell County, Texas",C2866,"Killeen-Temple, TX",Metro
48281,"Lampasas County, Texas",C2866,"Killeen-Temple, TX",Metro
47073,"Hawkins County, Tennessee",C2870,"Kingsport-Bristol-Bristol, TN-VA",Metro
47163,"Sullivan County, Tennessee",C2870,"Kingsport-Bristol-Bristol, TN-VA",Metro
51169,"Scott County, Virginia",C2870,"Kingsport-Bristol-Bristol, TN-VA",Metro
51191,"Washington County, Virginia",C2870,"Kingsport-Bristol-Bristol, TN-VA",Metro
51520,"Bristol City, Virginia",C2870,"Kingsport-Bristol-Bristol, TN-VA",Metro
36111,"Ulster County, New York",C2874,"Kingston, NY",Metro
47001,"Anderson County, Tennessee",C2894,"Knoxville, TN",Metro
47009,"Blount County, Tennessee",C2894,"Knoxville, TN",Metro
47013,"Campbell County, Tennessee",C2894,"Knoxville, TN",Metro
47057,"Grainger County, Tennessee",C2894,"Knoxville, TN",Metro
47093,"Knox County, Tennessee",C2894,"Knoxville, TN",Metro
47105,"Loudon County, Tennessee",C2894,"Knoxville, TN",Metro
47129,"Morgan County, Tennessee",C2894,"Knoxville, TN",Metro
47145,"Roane County, Tennessee",C2894,"Knoxville, TN",Metro
47173,"Union County, Tennessee",C2894,"Knoxville, TN",Metro
18067,"Howard County, Indiana",C2902,"Kokomo, IN",Metro
27055,"Houston County, Minnesota",C2910,"La Crosse-Onalaska, WI-MN",Metro
55063,"La Crosse County, Wisconsin",C2910,"La Crosse-Onalaska, WI-MN",Metro
22001,"Acadia Parish, Louisiana",C2918,"Lafayette, LA",Metro
22045,"Iberia Parish, Louisiana",C2918,"Lafayette, LA",Metro
22055,"Lafayette Parish, Louisiana",C2918,"Lafayette, LA",Metro
22099,"St. Martin Parish, Louisiana",C2918,"Lafayette, LA",Metro
22113,"Vermilion Parish, Louisiana",C2918,"Lafayette, LA",Metro
18007,"Benton County, Indiana",C2920,"Lafayette-West Lafayette, IN",Metro
18015,"Carroll County, Indiana",C2920,"Lafayette-West Lafayette, IN",Metro
18157,"Tippecanoe County, Indiana",C2920,"Lafayette-West Lafayette, IN",Metro
22019,"Calcasieu Parish, Louisiana",C2934,"Lake Charles, LA",Metro
22023,"Cameron Parish, Louisiana",C2934,"Lake Charles, LA",Metro
4015,"Mohave County, Arizona",C2942,"Lake Havasu City-Kingman, AZ",Metro
12105,"Polk County, Florida",C2946,"Lakeland-Winter Haven, FL",Metro
42071,"Lancaster County, Pennsylvania",C2954,"Lancaster, PA",Metro
26037,"Clinton County, Michigan",C2962,"Lansing-East Lansing, MI",Metro
26045,"Eaton County, Michigan",C2962,"Lansing-East Lansing, MI",Metro
26065,"Ingham County, Michigan",C2962,"Lansing-East Lansing, MI",Metro
48479,"Webb County, Texas",C2970,"Laredo, TX",Metro
35013,"Doña Ana County, New Mexico",C2974,"Las Cruces, NM",Metro
32003,"Clark County, Nevada",C2982,"Las Vegas-Henderson-Paradise, NV",Metro
20045,"Douglas County, Kansas",C2994,"Lawrence, KS",Metro
40031,"Comanche County, Oklahoma",C3002,"Lawton, OK",Metro
40033,"Cotton County, Oklahoma",C3002,"Lawton, OK",Metro
42075,"Lebanon County, Pennsylvania",C3014,"Lebanon, PA",Metro
16069,"Nez Perce County, Idaho",C3030,"Lewiston, ID-WA",Metro
53003,"Asotin County, Washington",C3030,"Lewiston, ID-WA",Metro
23001,"Androscoggin County, Maine",C3034,"Lewiston-Auburn, ME",Metro
21017,"Bourbon County, Kentucky",C3046,"Lexington-Fayette, KY",Metro
21049,"Clark County, Kentucky",C3046,"Lexington-Fayette, KY",Metro
21067,"Fayette County, Kentucky",C3046,"Lexington-Fayette, KY",Metro
21113,"Jessamine County, Kentucky",C3046,"Lexington-Fayette, KY",Metro
21209,"Scott County, Kentucky",C3046,"Lexington-Fayette, KY",Metro
21239,"Woodford County, Kentucky",C3046,"Lexington-Fayette, KY",Metro
39003,"Allen County, Ohio",C3062,"Lima, OH",Metro
31109,"Lancaster County, Nebraska",C3070,"Lincoln, NE",Metro
31159,"Seward County, Nebraska",C3070,"Lincoln, NE",Metro
5045,"Faulkner County, Arkansas",C3078,"Little Rock-North Little Rock-Conway, AR",Metro
5053,"Grant County, Arkansas",C3078,"Little Rock-North Little Rock-Conway, AR",Metro
5085,"Lonoke County, Arkansas",C3078,"Little Rock-North Little Rock-Conway, AR",Metro
5105,"Perry County, Arkansas",C3078,"Little Rock-North Little Rock-Conway, AR",Metro
5119,"Pulaski County, Arkansas",C3078,"Little Rock-North Little Rock-Conway, AR",Metro
5125,"Saline County, Arkansas",C3078,"Little Rock-North Little Rock-Conway, AR",Metro
16041,"Franklin County, Idaho",C3086,"Logan, UT-ID",Metro
49005,"Cache County, Utah",C3086,"Logan, UT-ID",Metro
48183,"Gregg County, Texas",C3098,"Longview, TX",Metro
48401,"Rusk County, Texas",C3098,"Longview, TX",Metro
48459,"Upshur County, Texas",C3098,"Longview, TX",Metro
53015,"Cowlitz County, Washington",C3102,"Longview, WA",Metro
6037,"Los Angeles County, California",C3108,"Los Angeles-Long Beach-Anaheim, CA",Metro
6059,"Orange County, California",C3108,"Los Angeles-Long Beach-Anaheim, CA",Metro
18019,"Clark County, Indiana",C3114,"Louisville/Jefferson County, KY-IN",Metro
18043,"Floyd County, Indiana",C3114,"Louisville/Jefferson County, KY-IN",Metro
18061,"Harrison County, Indiana",C3114,"Louisville/Jefferson County, KY-IN",Metro
18143,"Scott County, Indiana",C3114,"Louisville/Jefferson County, KY-IN",Metro
18175,"Washington County, Indiana",C3114,"Louisville/Jefferson County, KY-IN",Metro
21029,"Bullitt County, Kentucky",C3114,"Louisville/Jefferson County, KY-IN",Metro
21103,"Henry County, Kentucky",C3114,"Louisville/Jefferson County, KY-IN",Metro
21111,"Jefferson County, Kentucky",C3114,"Louisville/Jefferson County, KY-IN",Metro
21185,"Oldham County, Kentucky",C3114,"Louisville/Jefferson County, KY-IN",Metro
21211,"Shelby County, Kentucky",C3114,"Louisville/Jefferson County, KY-IN",Metro
21215,"Spencer County, Kentucky",C3114,"Louisville/Jefferson County, KY-IN",Metro
21223,"Trimble County, Kentucky",C3114,"Louisville/Jefferson County, KY-IN",Metro
48107,"Crosby County, Texas",C3118,"Lubbock, TX",Metro
48303,"Lubbock County, Texas",C3118,"Lubbock, TX",Metro
48305,"Lynn County, Texas",C3118,"Lubbock, TX",Metro
51009,"Amherst County, Virginia",C3134,"Lynchburg, VA",Metro
51011,"Appomattox County, Virginia",C3134,"Lynchburg, VA",Metro
51019,"Bedford County, Virginia",C3134,"Lynchburg, VA",Metro
51031,"Campbell County, Virginia",C3134,"Lynchburg, VA",Metro
51515,"Bedford City, Virginia",C3134,"Lynchburg, VA",Metro
51680,"Lynchburg City, Virginia",C3134,"Lynchburg, VA",Metro
13021,"Bibb County, Georgia",C3142,"Macon, GA",Metro
13079,"Crawford County, Georgia",C3142,"Macon, GA",Metro
13169,"Jones County, Georgia",C3142,"Macon, GA",Metro
13207,"Monroe County, Georgia",C3142,"Macon, GA",Metro
13289,"Twiggs County, Georgia",C3142,"Macon, GA",Metro
6039,"Madera County, California",C3146,"Madera, CA",Metro
55021,"Columbia County, Wisconsin",C3154,"Madison, WI",Metro
55025,"Dane County, Wisconsin",C3154,"Madison, WI",Metro
55045,"Green County, Wisconsin",C3154,"Madison, WI",Metro
55049,"Iowa County, Wisconsin",C3154,"Madison, WI",Metro
33011,"Hillsborough County, New Hampshire",C3170,"Manchester-Nashua, NH",Metro
20149,"Pottawatomie County, Kansas",C3174,"Manhattan, KS",Metro
20161,"Riley County, Kansas",C3174,"Manhattan, KS",Metro
27013,"Blue Earth County, Minnesota",C3186,"Mankato-North Mankato, MN",Metro
27103,"Nicollet County, Minnesota",C3186,"Mankato-North Mankato, MN",Metro
39139,"Richland County, Ohio",C3190,"Mansfield, OH",Metro
72067,"Hormigueros Municipio, Puerto Rico",C3242,"Mayagüez, PR",Metro
72097,"Mayagüez Municipio, Puerto Rico",C3242,"Mayagüez, PR",Metro
48215,"Hidalgo County, Texas",C3258,"McAllen-Edinburg-Mission, TX",Metro
41029,"Jackson County, Oregon",C3278,"Medford, OR",Metro
5035,"Crittenden County, Arkansas",C3282,"Memphis, TN-MS-AR",Metro
28009,"Benton County, Mississippi",C3282,"Memphis, TN-MS-AR",Metro
28033,"DeSoto County, Mississippi",C3282,"Memphis, TN-MS-AR",Metro
28093,"Marshall County, Mississippi",C3282,"Memphis, TN-MS-AR",Metro
28137,"Tate County, Mississippi",C3282,"Memphis, TN-MS-AR",Metro
28143,"Tunica County, Mississippi",C3282,"Memphis, TN-MS-AR",Metro
47047,"Fayette County, Tennessee",C3282,"Memphis, TN-MS-AR",Metro
47157,"Shelby County, Tennessee",C3282,"Memphis, TN-MS-AR",Metro
47167,"Tipton County, Tennessee",C3282,"Memphis, TN-MS-AR",Metro
6047,"Merced County, California",C3290,"Merced, CA",Metro
12011,"Broward County, Florida",C3310,"Miami-Fort Lauderdale-Pompano Beach, FL",Metro
12086,"Miami-Dade County, Florida",C3310,"Miami-Fort Lauderdale-Pompano Beach, FL",Metro
12099,"Palm Beach County, Florida",C3310,"Miami-Fort Lauderdale-Pompano Beach, FL",Metro
18091,"LaPorte County, Indiana",C3314,"Michigan City-La Porte, IN",Metro
26111,"Midland County, Michigan",C3322,"Midland, MI",Metro
48317,"Martin County, Texas",C3326,"Midland, TX",Metro
48329,"Midland County, Texas",C3326,"Midland, TX",Metro
55079,"Milwaukee County, Wisconsin",C3334,"Milwaukee-Waukesha-West Allis, WI",Metro
55089,"Ozaukee County, Wisconsin",C3334,"Milwaukee-Waukesha-West Allis, WI",Metro
55131,"Washington County, Wisconsin",C3334,"Milwaukee-Waukesha-West Allis, WI",Metro
55133,"Waukesha County, Wisconsin",C3334,"Milwaukee-Waukesha-West Allis, WI",Metro
27003,"Anoka County, Minnesota",C3346,"Minneapolis-St. Paul-Bloomington, MN-WI",Metro
27019,"Carver County, Minnesota",C3346,"Minneapolis-St. Paul-Bloomington, MN-WI",Metro
27025,"Chisago County, Minnesota",C3346,"Minneapolis-St. Paul-Bloomington, MN-WI",Metro
27037,"Dakota County, Minnesota",C3346,"Minneapolis-St. Paul-Bloomington, MN-WI",Metro
27053,"Hennepin County, Minnesota",C3346,"Minneapolis-St. Paul-Bloomington, MN-WI",Metro
27059,"Isanti County, Minnesota",C3346,"Minneapolis-St. Paul-Bloomington, MN-WI",Metro
27079,"Le Sueur County, Minnesota",C3346,"Minneapolis-St. Paul-Bloomington, MN-WI",Metro
27095,"Mille Lacs County, Minnesota",C3346,"Minneapolis-St. Paul-Bloomington, MN-WI",Metro
27123,"Ramsey County, Minnesota",C3346,"Minneapolis-St. Paul-Bloomington, MN-WI",Metro
27139,"Scott County, Minnesota",C3346,"Minneapolis-St. Paul-Bloomington, MN-WI",Metro
27141,"Sherburne County, Minnesota",C3346,"Minneapolis-St. Paul-Bloomington, MN-WI",Metro
27143,"Sibley County, Minnesota",C3346,"Minneapolis-St. Paul-Bloomington, MN-WI",Metro
27163,"Washington County, Minnesota",C3346,"Minneapolis-St. Paul-Bloomington, MN-WI",Metro
27171,"Wright County, Minnesota",C3346,"Minneapolis-St. Paul-Bloomington, MN-WI",Metro
55093,"Pierce County, Wisconsin",C3346,"Minneapolis-St. Paul-Bloomington, MN-WI",Metro
55109,"St. Croix County, Wisconsin",C3346,"Minneapolis-St. Paul-Bloomington, MN-WI",Metro
30063,"Missoula County, Montana",C3354,"Missoula, MT",Metro
1097,"Mobile County, Alabama",C3366,"Mobile, AL",Metro
6099,"Stanislaus County, California",C3370,"Modesto, CA",Metro
22073,"Ouachita Parish, Louisiana",C3374,"Monroe, LA",Metro
22111,"Union Parish, Louisiana",C3374,"Monroe, LA",Metro
26115,"Monroe County, Michigan",C3378,"Monroe, MI",Metro
1001,"Autauga County, Alabama",C3386,"Montgomery, AL",Metro
1051,"Elmore County, Alabama",C3386,"Montgomery, AL",Metro
1085,"Lowndes County, Alabama",C3386,"Montgomery, AL",Metro
1101,"Montgomery County, Alabama",C3386,"Montgomery, AL",Metro
54061,"Monongalia County, West Virginia",C3406,"Morgantown, WV",Metro
54077,"Preston County, West Virginia",C3406,"Morgantown, WV",Metro
47063,"Hamblen County, Tennessee",C3410,"Morristown, TN",Metro
47089,"Jefferson County, Tennessee",C3410,"Morristown, TN",Metro
53057,"Skagit County, Washington",C3458,"Mount Vernon-Anacortes, WA",Metro
18035,"Delaware County, Indiana",C3462,"Muncie, IN",Metro
26121,"Muskegon County, Michigan",C3474,"Muskegon, MI",Metro
37019,"Brunswick County, North Carolina",C3482,"Myrtle Beach-Conway-North Myrtle Beach, SC-NC",Metro
45051,"Horry County, South Carolina",C3482,"Myrtle Beach-Conway-North Myrtle Beach, SC-NC",Metro
6055,"Napa County, California",C3490,"Napa, CA",Metro
12021,"Collier County, Florida",C3494,"Naples-Immokalee-Marco Island, FL",Metro
47015,"Cannon County, Tennessee",C3498,"Nashville-Davidson--Murfreesboro--Franklin, TN",Metro
47021,"Cheatham County, Tennessee",C3498,"Nashville-Davidson--Murfreesboro--Franklin, TN",Metro
47037,"Davidson County, Tennessee",C3498,"Nashville-Davidson--Murfreesboro--Franklin, TN",Metro
47043,"Dickson County, Tennessee",C3498,"Nashville-Davidson--Murfreesboro--Franklin, TN",Metro
47081,"Hickman County, Tennessee",C3498,"Nashville-Davidson--Murfreesboro--Franklin, TN",Metro
47111,"Macon County, Tennessee",C3498,"Nashville-Davidson--Murfreesboro--Franklin, TN",Metro
47119,"Maury County, Tennessee",C3498,"Nashville-Davidson--Murfreesboro--Franklin, TN",Metro
47147,"Robertson County, Tennessee",C3498,"Nashville-Davidson--Murfreesboro--Franklin, TN",Metro
47149,"Rutherford County, Tennessee",C3498,"Nashville-Davidson--Murfreesboro--Franklin, TN",Metro
47159,"Smith County, Tennessee",C3498,"Nashville-Davidson--Murfreesboro--Franklin, TN",Metro
47165,"Sumner County, Tennessee",C3498,"Nashville-Davidson--Murfreesboro--Franklin, TN",Metro
47169,"Trousdale County, Tennessee",C3498,"Nashville-Davidson--Murfreesboro--Franklin, TN",Metro
47187,"Williamson County, Tennessee",C3498,"Nashville-Davidson--Murfreesboro--Franklin, TN",Metro
47189,"Wilson County, Tennessee",C3498,"Nashville-Davidson--Murfreesboro--Franklin, TN",Metro
37049,"Craven County, North Carolina",C3510,"New Bern, NC",Metro
37103,"Jones County, North Carolina",C3510,"New Bern, NC",Metro
37137,"Pamlico County, North Carolina",C3510,"New Bern, NC",Metro
9009,"New Haven County, Connecticut",C3530,"New Haven-Milford, CT",Metro
22051,"Jefferson Parish, Louisiana",C3538,"New Orleans-Metairie, LA",Metro
22071,"Orleans Parish, Louisiana",C3538,"New Orleans-Metairie, LA",Metro
22075,"Plaquemines Parish, Louisiana",C3538,"New Orleans-Metairie, LA",Metro
22087,"St. Bernard Parish, Louisiana",C3538,"New Orleans-Metairie, LA",Metro
22089,"St. Charles Parish, Louisiana",C3538,"New Orleans-Metairie, LA",Metro
22093,"St. James Parish, Louisiana",C3538,"New Orleans-Metairie, LA",Metro
22095,"St. John the Baptist Parish, Louisiana",C3538,"New Orleans-Metairie, LA",Metro
22103,"St. Tammany Parish, Louisiana",C3538,"New Orleans-Metairie, LA",Metro
34003,"Bergen County, New Jersey",C3562,"New York-Newark-Jersey City, NY-NJ-PA",Metro
34013,"Essex County, New Jersey",C3562,"New York-Newark-Jersey City, NY-NJ-PA",Metro
34017,"Hudson County, New Jersey",C3562,"New York-Newark-Jersey City, NY-NJ-PA",Metro
34019,"Hunterdon County, New Jersey",C3562,"New York-Newark-Jersey City, NY-NJ-PA",Metro
34023,"Middlesex County, New Jersey",C3562,"New York-Newark-Jersey City, NY-NJ-PA",Metro
34025,"Monmouth County, New Jersey",C3562,"New York-Newark-Jersey City, NY-NJ-PA",Metro
34027,"Morris County, New Jersey",C3562,"New York-Newark-Jersey City, NY-NJ-PA",Metro
34029,"Ocean County, New Jersey",C3562,"New York-Newark-Jersey City, NY-NJ-PA",Metro
34031,"Passaic County, New Jersey",C3562,"New York-Newark-Jersey City, NY-NJ-PA",Metro
34035,"Somerset County, New Jersey",C3562,"New York-Newark-Jersey City, NY-NJ-PA",Metro
34037,"Sussex County, New Jersey",C3562,"New York-Newark-Jersey City, NY-NJ-PA",Metro
34039,"Union County, New Jersey",C3562,"New York-Newark-Jersey City, NY-NJ-PA",Metro
36005,"Bronx County, New York",C3562,"New York-Newark-Jersey City, NY-NJ-PA",Metro
36027,"Dutchess County, New York",C3562,"New York-Newark-Jersey City, NY-NJ-PA",Metro
36047,"Kings County, New York",C3562,"New York-Newark-Jersey City, NY-NJ-PA",Metro
36059,"Nassau County, New York",C3562,"New York-Newark-Jersey City, NY-NJ-PA",Metro
36061,"New York County, New York",C3562,"New York-Newark-Jersey City, NY-NJ-PA",Metro
36071,"Orange County, New York",C3562,"New York-Newark-Jersey City, NY-NJ-PA",Metro
36079,"Putnam County, New York",C3562,"New York-Newark-Jersey City, NY-NJ-PA",Metro
36081,"Queens County, New York",C3562,"New York-Newark-Jersey City, NY-NJ-PA",Metro
36085,"Richmond County, New York",C3562,"New York-Newark-Jersey City, NY-NJ-PA",Metro
36087,"Rockland County, New York",C3562,"New York-Newark-Jersey City, NY-NJ-PA",Metro
36103,"Suffolk County, New York",C3562,"New York-Newark-Jersey City, NY-NJ-PA",Metro
36119,"Westchester County, New York",C3562,"New York-Newark-Jersey City, NY-NJ-PA",Metro
42103,"Pike County, Pennsylvania",C3562,"New York-Newark-Jersey City, NY-NJ-PA",Metro
26021,"Berrien County, Michigan",C3566,"Niles-Benton Harbor, MI",Metro
12081,"Manatee County, Florida",C3584,"North Port-Sarasota-Bradenton, FL",Metro
12115,"Sarasota County, Florida",C3584,"North Port-Sarasota-Bradenton, FL",Metro
9011,"New London County, Connecticut",C3598,"Norwich-New London, CT",Metro
12083,"Marion County, Florida",C3610,"Ocala, FL",Metro
34009,"Cape May County, New Jersey",C3614,"Ocean City, NJ",Metro
48135,"Ector County, Texas",C3622,"Odessa, TX",Metro
49003,"Box Elder County, Utah",C3626,"Ogden-Clearfield, UT",Metro
49011,"Davis County, Utah",C3626,"Ogden-Clearfield, UT",Metro
49029,"Morgan County, Utah",C3626,"Ogden-Clearfield, UT",Metro
49057,"Weber County, Utah",C3626,"Ogden-Clearfield, UT",Metro
40017,"Canadian County, Oklahoma",C3642,"Oklahoma City, OK",Metro
40027,"Cleveland County, Oklahoma",C3642,"Oklahoma City, OK",Metro
40051,"Grady County, Oklahoma",C3642,"Oklahoma City, OK",Metro
40081,"Lincoln County, Oklahoma",C3642,"Oklahoma City, OK",Metro
40083,"Logan County, Oklahoma",C3642,"Oklahoma City, OK",Metro
40087,"McClain County, Oklahoma",C3642,"Oklahoma City, OK",Metro
40109,"Oklahoma County, Oklahoma",C3642,"Oklahoma City, OK",Metro
53067,"Thurston County, Washington",C3650,"Olympia-Tumwater, WA",Metro
19085,"Harrison County, Iowa",C3654,"Omaha-Council Bluffs, NE-IA",Metro
19129,"Mills County, Iowa",C3654,"Omaha-Council Bluffs, NE-IA",Metro
19155,"Pottawattamie County, Iowa",C3654,"Omaha-Council Bluffs, NE-IA",Metro
31025,"Cass County, Nebraska",C3654,"Omaha-Council Bluffs, NE-IA",Metro
31055,"Douglas County, Nebraska",C3654,"Omaha-Council Bluffs, NE-IA",Metro
31153,"Sarpy County, Nebraska",C3654,"Omaha-Council Bluffs, NE-IA",Metro
31155,"Saunders County, Nebraska",C3654,"Omaha-Council Bluffs, NE-IA",Metro
31177,"Washington County, Nebraska",C3654,"Omaha-Council Bluffs, NE-IA",Metro
12069,"Lake County, Florida",C3674,"Orlando-Kissimmee-Sanford, FL",Metro
12095,"Orange County, Florida",C3674,"Orlando-Kissimmee-Sanford, FL",Metro
12097,"Osceola County, Florida",C3674,"Orlando-Kissimmee-Sanford, FL",Metro
12117,"Seminole County, Florida",C3674,"Orlando-Kissimmee-Sanford, FL",Metro
55139,"Winnebago County, Wisconsin",C3678,"Oshkosh-Neenah, WI",Metro
21059,"Daviess County, Kentucky",C3698,"Owensboro, KY",Metro
21091,"Hancock County, Kentucky",C3698,"Owensboro, KY",Metro
21149,"McLean County, Kentucky",C3698,"Owensboro, KY",Metro
6111,"Ventura County, California",C3710,"Oxnard-Thousand Oaks-Ventura, CA",Metro
12009,"Brevard County, Florida",C3734,"Palm Bay-Melbourne-Titusville, FL",Metro
12005,"Bay County, Florida",C3746,"Panama City, FL",Metro
12045,"Gulf County, Florida",C3746,"Panama City, FL",Metro
54105,"Wirt County, West Virginia",C3762,"Parkersburg-Vienna, WV",Metro
54107,"Wood County, West Virginia",C3762,"Parkersburg-Vienna, WV",Metro
12033,"Escambia County, Florida",C3786,"Pensacola-Ferry Pass-Brent, FL",Metro
12113,"Santa Rosa County, Florida",C3786,"Pensacola-Ferry Pass-Brent, FL",Metro
17123,"Marshall County, Illinois",C3790,"Peoria, IL",Metro
17143,"Peoria County, Illinois",C3790,"Peoria, IL",Metro
17175,"Stark County, Illinois",C3790,"Peoria, IL",Metro
17179,"Tazewell County, Illinois",C3790,"Peoria, IL",Metro
17203,"Woodford County, Illinois",C3790,"Peoria, IL",Metro
10003,"New Castle County, Delaware",C3798,"Philadelphia-Camden-Wilmington, PA-NJ-DE-MD",Metro
24015,"Cecil County, Maryland",C3798,"Philadelphia-Camden-Wilmington, PA-NJ-DE-MD",Metro
34005,"Burlington County, New Jersey",C3798,"Philadelphia-Camden-Wilmington, PA-NJ-DE-MD",Metro
34007,"Camden County, New Jersey",C3798,"Philadelphia-Camden-Wilmington, PA-NJ-DE-MD",Metro
34015,"Gloucester County, New Jersey",C3798,"Philadelphia-Camden-Wilmington, PA-NJ-DE-MD",Metro
34033,"Salem County, New Jersey",C3798,"Philadelphia-Camden-Wilmington, PA-NJ-DE-MD",Metro
42017,"Bucks County, Pennsylvania",C3798,"Philadelphia-Camden-Wilmington, PA-NJ-DE-MD",Metro
42029,"Chester County, Pennsylvania",C3798,"Philadelphia-Camden-Wilmington, PA-NJ-DE-MD",Metro
42045,"Delaware County, Pennsylvania",C3798,"Philadelphia-Camden-Wilmington, PA-NJ-DE-MD",Metro
42091,"Montgomery County, Pennsylvania",C3798,"Philadelphia-Camden-Wilmington, PA-NJ-DE-MD",Metro
42101,"Philadelphia County, Pennsylvania",C3798,"Philadelphia-Camden-Wilmington, PA-NJ-DE-MD",Metro
4013,"Maricopa County, Arizona",C3806,"Phoenix-Mesa-Chandler, AZ",Metro
4021,"Pinal County, Arizona",C3806,"Phoenix-Mesa-Chandler, AZ",Metro
5025,"Cleveland County, Arkansas",C3822,"Pine Bluff, AR",Metro
5069,"Jefferson County, Arkansas",C3822,"Pine Bluff, AR",Metro
5079,"Lincoln County, Arkansas",C3822,"Pine Bluff, AR",Metro
42003,"Allegheny County, Pennsylvania",C3830,"Pittsburgh, PA",Metro
42005,"Armstrong County, Pennsylvania",C3830,"Pittsburgh, PA",Metro
42007,"Beaver County, Pennsylvania",C3830,"Pittsburgh, PA",Metro
42019,"Butler County, Pennsylvania",C3830,"Pittsburgh, PA",Metro
42051,"Fayette County, Pennsylvania",C3830,"Pittsburgh, PA",Metro
42125,"Washington County, Pennsylvania",C3830,"Pittsburgh, PA",Metro
42129,"Westmoreland County, Pennsylvania",C3830,"Pittsburgh, PA",Metro
25003,"Berkshire County, Massachusetts",C3834,"Pittsfield, MA",Metro
16005,"Bannock County, Idaho",C3854,"Pocatello, ID",Metro
72055,"Guánica Municipio, Puerto Rico",C3866,"Ponce, PR",Metro
72059,"Guayanilla Municipio, Puerto Rico",C3866,"Ponce, PR",Metro
72075,"Juana Díaz Municipio, Puerto Rico",C3866,"Ponce, PR",Metro
72111,"Peñuelas Municipio, Puerto Rico",C3866,"Ponce, PR",Metro
72113,"Ponce Municipio, Puerto Rico",C3866,"Ponce, PR",Metro
72149,"Villalba Municipio, Puerto Rico",C3866,"Ponce, PR",Metro
72153,"Yauco Municipio, Puerto Rico",C3866,"Ponce, PR",Metro
12085,"Martin County, Florida",C3894,"Port St. Lucie, FL",Metro
12111,"St. Lucie County, Florida",C3894,"Port St. Lucie, FL",Metro
23005,"Cumberland County, Maine",C3886,"Portland-South Portland, ME",Metro
23023,"Sagadahoc County, Maine",C3886,"Portland-South Portland, ME",Metro
23031,"York County, Maine",C3886,"Portland-South Portland, ME",Metro
41005,"Clackamas County, Oregon",C3890,"Portland-Vancouver-Hillsboro, OR-WA",Metro
41009,"Columbia County, Oregon",C3890,"Portland-Vancouver-Hillsboro, OR-WA",Metro
41051,"Multnomah County, Oregon",C3890,"Portland-Vancouver-Hillsboro, OR-WA",Metro
41067,"Washington County, Oregon",C3890,"Portland-Vancouver-Hillsboro, OR-WA",Metro
41071,"Yamhill County, Oregon",C3890,"Portland-Vancouver-Hillsboro, OR-WA",Metro
53011,"Clark County, Washington",C3890,"Portland-Vancouver-Hillsboro, OR-WA",Metro
53059,"Skamania County, Washington",C3890,"Portland-Vancouver-Hillsboro, OR-WA",Metro
4025,"Yavapai County, Arizona",C3914,"Prescott, AZ",Metro
25005,"Bristol County, Massachusetts",C3930,"Providence-Warwick, RI-MA",Metro
44001,"Bristol County, Rhode Island",C3930,"Providence-Warwick, RI-MA",Metro
44003,"Kent County, Rhode Island",C3930,"Providence-Warwick, RI-MA",Metro
44005,"Newport County, Rhode Island",C3930,"Providence-Warwick, RI-MA",Metro
44007,"Providence County, Rhode Island",C3930,"Providence-Warwick, RI-MA",Metro
44009,"Washington County, Rhode Island",C3930,"Providence-Warwick, RI-MA",Metro
49023,"Juab County, Utah",C3934,"Provo-Orem, UT",Metro
49049,"Utah County, Utah",C3934,"Provo-Orem, UT",Metro
8101,"Pueblo County, Colorado",C3938,"Pueblo, CO",Metro
12015,"Charlotte County, Florida",C3946,"Punta Gorda, FL",Metro
55101,"Racine County, Wisconsin",C3954,"Racine, WI",Metro
37069,"Franklin County, North Carolina",C3958,"Raleigh, NC",Metro
37101,"Johnston County, North Carolina",C3958,"Raleigh, NC",Metro
37183,"Wake County, North Carolina",C3958,"Raleigh, NC",Metro
46033,"Custer County, South Dakota",C3966,"Rapid City, SD",Metro
46093,"Meade County, South Dakota",C3966,"Rapid City, SD",Metro
46103,"Pennington County, South Dakota",C3966,"Rapid City, SD",Metro
42011,"Berks County, Pennsylvania",C3974,"Reading, PA",Metro
6089,"Shasta County, California",C3982,"Redding, CA",Metro
32029,"Storey County, Nevada",C3990,"Reno, NV",Metro
32031,"Washoe County, Nevada",C3990,"Reno, NV",Metro
51007,"Amelia County, Virginia",C4006,"Richmond, VA",Metro
51033,"Caroline County, Virginia",C4006,"Richmond, VA",Metro
51036,"Charles City County, Virginia",C4006,"Richmond, VA",Metro
51041,"Chesterfield County, Virginia",C4006,"Richmond, VA",Metro
51053,"Dinwiddie County, Virginia",C4006,"Richmond, VA",Metro
51075,"Goochland County, Virginia",C4006,"Richmond, VA",Metro
51085,"Hanover County, Virginia",C4006,"Richmond, VA",Metro
51087,"Henrico County, Virginia",C4006,"Richmond, VA",Metro
51101,"King William County, Virginia",C4006,"Richmond, VA",Metro
51127,"New Kent County, Virginia",C4006,"Richmond, VA",Metro
51145,"Powhatan County, Virginia",C4006,"Richmond, VA",Metro
51149,"Prince George County, Virginia",C4006,"Richmond, VA",Metro
51183,"Sussex County, Virginia",C4006,"Richmond, VA",Metro
51570,"Colonial Heights City, Virginia",C4006,"Richmond, VA",Metro
51670,"Hopewell City, Virginia",C4006,"Richmond, VA",Metro
51730,"Petersburg City, Virginia",C4006,"Richmond, VA",Metro
51760,"Richmond City, Virginia",C4006,"Richmond, VA",Metro
6065,"Riverside County, California",C4014,"Riverside-San Bernardino-Ontario, CA",Metro
6071,"San Bernardino County, California",C4014,"Riverside-San Bernardino-Ontario, CA",Metro
51023,"Botetourt County, Virginia",C4022,"Roanoke, VA",Metro
51045,"Craig County, Virginia",C4022,"Roanoke, VA",Metro
51067,"Franklin County, Virginia",C4022,"Roanoke, VA",Metro
51161,"Roanoke County, Virginia",C4022,"Roanoke, VA",Metro
51770,"Roanoke City, Virginia",C4022,"Roanoke, VA",Metro
51775,"Salem City, Virginia",C4022,"Roanoke, VA",Metro
27039,"Dodge County, Minnesota",C4034,"Rochester, MN",Metro
27045,"Fillmore County, Minnesota",C4034,"Rochester, MN",Metro
27109,"Olmsted County, Minnesota",C4034,"Rochester, MN",Metro
27157,"Wabasha County, Minnesota",C4034,"Rochester, MN",Metro
36051,"Livingston County, New York",C4038,"Rochester, NY",Metro
36055,"Monroe County, New York",C4038,"Rochester, NY",Metro
36069,"Ontario County, New York",C4038,"Rochester, NY",Metro
36073,"Orleans County, New York",C4038,"Rochester, NY",Metro
36117,"Wayne County, New York",C4038,"Rochester, NY",Metro
36123,"Yates County, New York",C4038,"Rochester, NY",Metro
17007,"Boone County, Illinois",C4042,"Rockford, IL",Metro
17201,"Winnebago County, Illinois",C4042,"Rockford, IL",Metro
37065,"Edgecombe County, North Carolina",C4058,"Rocky Mount, NC",Metro
37127,"Nash County, North Carolina",C4058,"Rocky Mount, NC",Metro
13115,"Floyd County, Georgia",C4066,"Rome, GA",Metro
6061,"Placer County, California",C4090,"Sacramento-Roseville-Folsom, CA",Metro
6067,"Sacramento County, California",C4090,"Sacramento-Roseville-Folsom, CA",Metro
6113,"Yolo County, California",C4090,"Sacramento-Roseville-Folsom, CA",Metro
26145,"Saginaw County, Michigan",C4098,"Saginaw, MI",Metro
41047,"Marion County, Oregon",C4142,"Salem, OR",Metro
41053,"Polk County, Oregon",C4142,"Salem, OR",Metro
6053,"Monterey County, California",C4150,"Salinas, CA",Metro
10005,"Sussex County, Delaware",C4154,"Salisbury, MD-DE",Metro
24039,"Somerset County, Maryland",C4154,"Salisbury, MD-DE",Metro
24045,"Wicomico County, Maryland",C4154,"Salisbury, MD-DE",Metro
24047,"Worcester County, Maryland",C4154,"Salisbury, MD-DE",Metro
49035,"Salt Lake County, Utah",C4162,"Salt Lake City, UT",Metro
49045,"Tooele County, Utah",C4162,"Salt Lake City, UT",Metro
48235,"Irion County, Texas",C4166,"San Angelo, TX",Metro
48451,"Tom Green County, Texas",C4166,"San Angelo, TX",Metro
48013,"Atascosa County, Texas",C4170,"San Antonio-New Braunfels, TX",Metro
48019,"Bandera County, Texas",C4170,"San Antonio-New Braunfels, TX",Metro
48029,"Bexar County, Texas",C4170,"San Antonio-New Braunfels, TX",Metro
48091,"Comal County, Texas",C4170,"San Antonio-New Braunfels, TX",Metro
48187,"Guadalupe County, Texas",C4170,"San Antonio-New Braunfels, TX",Metro
48259,"Kendall County, Texas",C4170,"San Antonio-New Braunfels, TX",Metro
48325,"Medina County, Texas",C4170,"San Antonio-New Braunfels, TX",Metro
48493,"Wilson County, Texas",C4170,"San Antonio-New Braunfels, TX",Metro
6017,"El Dorado County, California",C4090,"San Diego-Chula Vista-Carlsbad, CA",Metro
6073,"San Diego County, California",C4174,"San Diego-Chula Vista-Carlsbad, CA",Metro
6001,"Alameda County, California",C4186,"San Francisco-Oakland-Berkeley, CA",Metro
6013,"Contra Costa County, California",C4186,"San Francisco-Oakland-Berkeley, CA",Metro
6041,"Marin County, California",C4186,"San Francisco-Oakland-Berkeley, CA",Metro
6075,"San Francisco County, California",C4186,"San Francisco-Oakland-Berkeley, CA",Metro
6081,"San Mateo County, California",C4186,"San Francisco-Oakland-Berkeley, CA",Metro
72023,"Cabo Rojo Municipio, Puerto Rico",C4190,"San Germán, PR",Metro
72079,"Lajas Municipio, Puerto Rico",C4190,"San Germán, PR",Metro
72121,"Sabana Grande Municipio, Puerto Rico",C4190,"San Germán, PR",Metro
72125,"San Germán Municipio, Puerto Rico",C4190,"San Germán, PR",Metro
6069,"San Benito County, California",C4194,"San Jose-Sunnyvale-Santa Clara, CA",Metro
6085,"Santa Clara County, California",C4194,"San Jose-Sunnyvale-Santa Clara, CA",Metro
72007,"Aguas Buenas Municipio, Puerto Rico",C4198,"San Juan-Carolina-Caguas, PR",Metro
72009,"Aibonito Municipio, Puerto Rico",C4198,"San Juan-Carolina-Caguas, PR",Metro
72017,"Barceloneta Municipio, Puerto Rico",C4198,"San Juan-Carolina-Caguas, PR",Metro
72019,"Barranquitas Municipio, Puerto Rico",C4198,"San Juan-Carolina-Caguas, PR",Metro
72021,"Bayamón Municipio, Puerto Rico",C4198,"San Juan-Carolina-Caguas, PR",Metro
72025,"Caguas Municipio, Puerto Rico",C4198,"San Juan-Carolina-Caguas, PR",Metro
72029,"Canóvanas Municipio, Puerto Rico",C4198,"San Juan-Carolina-Caguas, PR",Metro
72031,"Carolina Municipio, Puerto Rico",C4198,"San Juan-Carolina-Caguas, PR",Metro
72033,"Cataño Municipio, Puerto Rico",C4198,"San Juan-Carolina-Caguas, PR",Metro
72035,"Cayey Municipio, Puerto Rico",C4198,"San Juan-Carolina-Caguas, PR",Metro
72037,"Ceiba Municipio, Puerto Rico",C4198,"San Juan-Carolina-Caguas, PR",Metro
72039,"Ciales Municipio, Puerto Rico",C4198,"San Juan-Carolina-Caguas, PR",Metro
72041,"Cidra Municipio, Puerto Rico",C4198,"San Juan-Carolina-Caguas, PR",Metro
72045,"Comerío Municipio, Puerto Rico",C4198,"San Juan-Carolina-Caguas, PR",Metro
72047,"Corozal Municipio, Puerto Rico",C4198,"San Juan-Carolina-Caguas, PR",Metro
72051,"Dorado Municipio, Puerto Rico",C4198,"San Juan-Carolina-Caguas, PR",Metro
72053,"Fajardo Municipio, Puerto Rico",C4198,"San Juan-Carolina-Caguas, PR",Metro
72054,"Florida Municipio, Puerto Rico",C4198,"San Juan-Carolina-Caguas, PR",Metro
72061,"Guaynabo Municipio, Puerto Rico",C4198,"San Juan-Carolina-Caguas, PR",Metro
72063,"Gurabo Municipio, Puerto Rico",C4198,"San Juan-Carolina-Caguas, PR",Metro
72069,"Humacao Municipio, Puerto Rico",C4198,"San Juan-Carolina-Caguas, PR",Metro
72077,"Juncos Municipio, Puerto Rico",C4198,"San Juan-Carolina-Caguas, PR",Metro
72085,"Las Piedras Municipio, Puerto Rico",C4198,"San Juan-Carolina-Caguas, PR",Metro
72087,"Loíza Municipio, Puerto Rico",C4198,"San Juan-Carolina-Caguas, PR",Metro
72089,"Luquillo Municipio, Puerto Rico",C4198,"San Juan-Carolina-Caguas, PR",Metro
72091,"Manatí Municipio, Puerto Rico",C4198,"San Juan-Carolina-Caguas, PR",Metro
72095,"Maunabo Municipio, Puerto Rico",C4198,"San Juan-Carolina-Caguas, PR",Metro
72101,"Morovis Municipio, Puerto Rico",C4198,"San Juan-Carolina-Caguas, PR",Metro
72103,"Naguabo Municipio, Puerto Rico",C4198,"San Juan-Carolina-Caguas, PR",Metro
72105,"Naranjito Municipio, Puerto Rico",C4198,"San Juan-Carolina-Caguas, PR",Metro
72107,"Orocovis Municipio, Puerto Rico",C4198,"San Juan-Carolina-Caguas, PR",Metro
72119,"Río Grande Municipio, Puerto Rico",C4198,"San Juan-Carolina-Caguas, PR",Metro
72127,"San Juan Municipio, Puerto Rico",C4198,"San Juan-Carolina-Caguas, PR",Metro
72129,"San Lorenzo Municipio, Puerto Rico",C4198,"San Juan-Carolina-Caguas, PR",Metro
72135,"Toa Alta Municipio, Puerto Rico",C4198,"San Juan-Carolina-Caguas, PR",Metro
72137,"Toa Baja Municipio, Puerto Rico",C4198,"San Juan-Carolina-Caguas, PR",Metro
72139,"Trujillo Alto Municipio, Puerto Rico",C4198,"San Juan-Carolina-Caguas, PR",Metro
72143,"Vega Alta Municipio, Puerto Rico",C4198,"San Juan-Carolina-Caguas, PR",Metro
72145,"Vega Baja Municipio, Puerto Rico",C4198,"San Juan-Carolina-Caguas, PR",Metro
72151,"Yabucoa Municipio, Puerto Rico",C4198,"San Juan-Carolina-Caguas, PR",Metro
6079,"San Luis Obispo County, California",C4202,"San Luis Obispo-Paso Robles-Arroyo Grande, CA",Metro
6087,"Santa Cruz County, California",C4210,"Santa Cruz-Watsonville, CA",Metro
35049,"Santa Fe County, New Mexico",C4214,"Santa Fe, NM",Metro
6083,"Santa Barbara County, California",C4220,"Santa Maria-Santa Barbara, CA",Metro
6097,"Sonoma County, California",C4222,"Santa Rosa, CA",Metro
13029,"Bryan County, Georgia",C4234,"Savannah, GA",Metro
13051,"Chatham County, Georgia",C4234,"Savannah, GA",Metro
13103,"Effingham County, Georgia",C4234,"Savannah, GA",Metro
42069,"Lackawanna County, Pennsylvania",C4254,"Scranton--Wilkes-Barre--Hazleton, PA",Metro
42079,"Luzerne County, Pennsylvania",C4254,"Scranton--Wilkes-Barre--Hazleton, PA",Metro
42131,"Wyoming County, Pennsylvania",C4254,"Scranton--Wilkes-Barre--Hazleton, PA",Metro
53033,"King County, Washington",C4266,"Seattle-Tacoma-Bellevue, WA",Metro
53053,"Pierce County, Washington",C4266,"Seattle-Tacoma-Bellevue, WA",Metro
53061,"Snohomish County, Washington",C4266,"Seattle-Tacoma-Bellevue, WA",Metro
12061,"Indian River County, Florida",C4268,"Sebastian-Vero Beach, FL",Metro
12055,"Highlands County, Florida",C4270,"Sebring, FL",Metro
55117,"Sheboygan County, Wisconsin",C4310,"Sheboygan, WI",Metro
48181,"Grayson County, Texas",C4330,"Sherman-Denison, TX",Metro
22015,"Bossier Parish, Louisiana",C4334,"Shreveport-Bossier City, LA",Metro
22017,"Caddo Parish, Louisiana",C4334,"Shreveport-Bossier City, LA",Metro
22031,"De Soto Parish, Louisiana",C4334,"Shreveport-Bossier City, LA",Metro
22119,"Webster Parish, Louisiana",C4334,"Shreveport-Bossier City, LA",Metro
4003,"Cochise County, Arizona",C4342,"Sierra Vista-Douglas, AZ",Metro
19149,"Plymouth County, Iowa",C4358,"Sioux City, IA-NE-SD",Metro
19193,"Woodbury County, Iowa",C4358,"Sioux City, IA-NE-SD",Metro
31043,"Dakota County, Nebraska",C4358,"Sioux City, IA-NE-SD",Metro
31051,"Dixon County, Nebraska",C4358,"Sioux City, IA-NE-SD",Metro
46127,"Union County, South Dakota",C4358,"Sioux City, IA-NE-SD",Metro
46083,"Lincoln County, South Dakota",C4362,"Sioux Falls, SD",Metro
46087,"McCook County, South Dakota",C4362,"Sioux Falls, SD",Metro
46099,"Minnehaha County, South Dakota",C4362,"Sioux Falls, SD",Metro
46125,"Turner County, South Dakota",C4362,"Sioux Falls, SD",Metro
18141,"St. Joseph County, Indiana",C4378,"South Bend-Mishawaka, IN-MI",Metro
26027,"Cass County, Michigan",C4378,"South Bend-Mishawaka, IN-MI",Metro
45083,"Spartanburg County, South Carolina",C4390,"Spartanburg, SC",Metro
45087,"Union County, South Carolina",C4390,"Spartanburg, SC",Metro
53051,"Pend Oreille County, Washington",C4406,"Spokane-Spokane Valley, WA",Metro
53063,"Spokane County, Washington",C4406,"Spokane-Spokane Valley, WA",Metro
53065,"Stevens County, Washington",C4406,"Spokane-Spokane Valley, WA",Metro
17129,"Menard County, Illinois",C4410,"Springfield, IL",Metro
17167,"Sangamon County, Illinois",C4410,"Springfield, IL",Metro
25013,"Hampden County, Massachusetts",C4414,"Springfield, MA",Metro
25015,"Hampshire County, Massachusetts",C4414,"Springfield, MA",Metro
29043,"Christian County, Missouri",C4418,"Springfield, MO",Metro
29059,"Dallas County, Missouri",C4418,"Springfield, MO",Metro
29077,"Greene County, Missouri",C4418,"Springfield, MO",Metro
29167,"Polk County, Missouri",C4418,"Springfield, MO",Metro
29225,"Webster County, Missouri",C4418,"Springfield, MO",Metro
39023,"Clark County, Ohio",C4422,"Springfield, OH",Metro
27009,"Benton County, Minnesota",C4106,"St. Cloud, MN",Metro
27145,"Stearns County, Minnesota",C4106,"St. Cloud, MN",Metro
49053,"Washington County, Utah",C4110,"St. George, UT",Metro
20043,"Doniphan County, Kansas",C4114,"St. Joseph, MO-KS",Metro
29003,"Andrew County, Missouri",C4114,"St. Joseph, MO-KS",Metro
29021,"Buchanan County, Missouri",C4114,"St. Joseph, MO-KS",Metro
29063,"DeKalb County, Missouri",C4114,"St. Joseph, MO-KS",Metro
17005,"Bond County, Illinois",C4118,"St. Louis, MO-IL",Metro
17013,"Calhoun County, Illinois",C4118,"St. Louis, MO-IL",Metro
17027,"Clinton County, Illinois",C4118,"St. Louis, MO-IL",Metro
17083,"Jersey County, Illinois",C4118,"St. Louis, MO-IL",Metro
17117,"Macoupin County, Illinois",C4118,"St. Louis, MO-IL",Metro
17119,"Madison County, Illinois",C4118,"St. Louis, MO-IL",Metro
17133,"Monroe County, Illinois",C4118,"St. Louis, MO-IL",Metro
17163,"St. Clair County, Illinois",C4118,"St. Louis, MO-IL",Metro
29071,"Franklin County, Missouri",C4118,"St. Louis, MO-IL",Metro
29099,"Jefferson County, Missouri",C4118,"St. Louis, MO-IL",Metro
29113,"Lincoln County, Missouri",C4118,"St. Louis, MO-IL",Metro
29183,"St. Charles County, Missouri",C4118,"St. Louis, MO-IL",Metro
29189,"St. Louis County, Missouri",C4118,"St. Louis, MO-IL",Metro
29219,"Warren County, Missouri",C4118,"St. Louis, MO-IL",Metro
29510,"St. Louis City, Missouri",C4118,"St. Louis, MO-IL",Metro
42027,"Centre County, Pennsylvania",C4430,"State College, PA",Metro
51015,"Augusta County, Virginia",C4442,"Staunton-Waynesboro, VA",Metro
51790,"Staunton City, Virginia",C4442,"Staunton-Waynesboro, VA",Metro
51820,"Waynesboro City, Virginia",C4442,"Staunton-Waynesboro, VA",Metro
6077,"San Joaquin County, California",C4470,"Stockton-Lodi, CA",Metro
45085,"Sumter County, South Carolina",C4494,"Sumter, SC",Metro
36053,"Madison County, New York",C4506,"Syracuse, NY",Metro
36067,"Onondaga County, New York",C4506,"Syracuse, NY",Metro
36075,"Oswego County, New York",C4506,"Syracuse, NY",Metro
12039,"Gadsden County, Florida",C4522,"Tallahassee, FL",Metro
12065,"Jefferson County, Florida",C4522,"Tallahassee, FL",Metro
12073,"Leon County, Florida",C4522,"Tallahassee, FL",Metro
12129,"Wakulla County, Florida",C4522,"Tallahassee, FL",Metro
12053,"Hernando County, Florida",C4530,"Tampa-St. Petersburg-Clearwater, FL",Metro
12057,"Hillsborough County, Florida",C4530,"Tampa-St. Petersburg-Clearwater, FL",Metro
12101,"Pasco County, Florida",C4530,"Tampa-St. Petersburg-Clearwater, FL",Metro
12103,"Pinellas County, Florida",C4530,"Tampa-St. Petersburg-Clearwater, FL",Metro
18021,"Clay County, Indiana",C4546,"Terre Haute, IN",Metro
18153,"Sullivan County, Indiana",C4546,"Terre Haute, IN",Metro
18165,"Vermillion County, Indiana",C4546,"Terre Haute, IN",Metro
18167,"Vigo County, Indiana",C4546,"Terre Haute, IN",Metro
5081,"Little River County, Arkansas",C4550,"Texarkana, TX-AR",Metro
5091,"Miller County, Arkansas",C4550,"Texarkana, TX-AR",Metro
48037,"Bowie County, Texas",C4550,"Texarkana, TX-AR",Metro
12119,"Sumter County, Florida",C4554,"The Villages, FL",Metro
39051,"Fulton County, Ohio",C4578,"Toledo, OH",Metro
39095,"Lucas County, Ohio",C4578,"Toledo, OH",Metro
39173,"Wood County, Ohio",C4578,"Toledo, OH",Metro
20085,"Jackson County, Kansas",C4582,"Topeka, KS",Metro
20087,"Jefferson County, Kansas",C4582,"Topeka, KS",Metro
20139,"Osage County, Kansas",C4582,"Topeka, KS",Metro
20177,"Shawnee County, Kansas",C4582,"Topeka, KS",Metro
20197,"Wabaunsee County, Kansas",C4582,"Topeka, KS",Metro
34021,"Mercer County, New Jersey",C4594,"Trenton, NJ",Metro
4019,"Pima County, Arizona",C4606,"Tucson, AZ",Metro
40037,"Creek County, Oklahoma",C4614,"Tulsa, OK",Metro
40111,"Okmulgee County, Oklahoma",C4614,"Tulsa, OK",Metro
40113,"Osage County, Oklahoma",C4614,"Tulsa, OK",Metro
40117,"Pawnee County, Oklahoma",C4614,"Tulsa, OK",Metro
40131,"Rogers County, Oklahoma",C4614,"Tulsa, OK",Metro
40143,"Tulsa County, Oklahoma",C4614,"Tulsa, OK",Metro
40145,"Wagoner County, Oklahoma",C4614,"Tulsa, OK",Metro
1065,"Hale County, Alabama",C4622,"Tuscaloosa, AL",Metro
1107,"Pickens County, Alabama",C4622,"Tuscaloosa, AL",Metro
1125,"Tuscaloosa County, Alabama",C4622,"Tuscaloosa, AL",Metro
48423,"Smith County, Texas",C4634,"Tyler, TX",Metro
15003,"Honolulu County, Hawaii",C4652,"Urban Honolulu, HI",Metro
36043,"Herkimer County, New York",C4654,"Utica-Rome, NY",Metro
36065,"Oneida County, New York",C4654,"Utica-Rome, NY",Metro
13027,"Brooks County, Georgia",C4666,"Valdosta, GA",Metro
13101,"Echols County, Georgia",C4666,"Valdosta, GA",Metro
13173,"Lanier County, Georgia",C4666,"Valdosta, GA",Metro
13185,"Lowndes County, Georgia",C4666,"Valdosta, GA",Metro
6095,"Solano County, California",C4670,"Vallejo-Fairfield, CA",Metro
48175,"Goliad County, Texas",C4702,"Victoria, TX",Metro
48469,"Victoria County, Texas",C4702,"Victoria, TX",Metro
34011,"Cumberland County, New Jersey",C4722,"Vineland-Bridgeton, NJ",Metro
37053,"Currituck County, North Carolina",C4726,"Virginia Beach-Norfolk-Newport News, VA-NC",Metro
37073,"Gates County, North Carolina",C4726,"Virginia Beach-Norfolk-Newport News, VA-NC",Metro
51073,"Gloucester County, Virginia",C4726,"Virginia Beach-Norfolk-Newport News, VA-NC",Metro
51093,"Isle of Wight County, Virginia",C4726,"Virginia Beach-Norfolk-Newport News, VA-NC",Metro
51095,"James City County, Virginia",C4726,"Virginia Beach-Norfolk-Newport News, VA-NC",Metro
51115,"Mathews County, Virginia",C4726,"Virginia Beach-Norfolk-Newport News, VA-NC",Metro
51199,"York County, Virginia",C4726,"Virginia Beach-Norfolk-Newport News, VA-NC",Metro
51550,"Chesapeake City, Virginia",C4726,"Virginia Beach-Norfolk-Newport News, VA-NC",Metro
51650,"Hampton City, Virginia",C4726,"Virginia Beach-Norfolk-Newport News, VA-NC",Metro
51700,"Newport News City, Virginia",C4726,"Virginia Beach-Norfolk-Newport News, VA-NC",Metro
51710,"Norfolk City, Virginia",C4726,"Virginia Beach-Norfolk-Newport News, VA-NC",Metro
51735,"Poquoson City, Virginia",C4726,"Virginia Beach-Norfolk-Newport News, VA-NC",Metro
51740,"Portsmouth City, Virginia",C4726,"Virginia Beach-Norfolk-Newport News, VA-NC",Metro
51800,"Suffolk City, Virginia",C4726,"Virginia Beach-Norfolk-Newport News, VA-NC",Metro
51810,"Virginia Beach City, Virginia",C4726,"Virginia Beach-Norfolk-Newport News, VA-NC",Metro
51830,"Williamsburg City, Virginia",C4726,"Virginia Beach-Norfolk-Newport News, VA-NC",Metro
6107,"Tulare County, California",C4730,"Visalia-Porterville, CA",Metro
48145,"Falls County, Texas",C4738,"Waco, TX",Metro
48309,"McLennan County, Texas",C4738,"Waco, TX",Metro
53013,"Columbia County, Washington",C4746,"Walla Walla, WA",Metro
53071,"Walla Walla County, Washington",C4746,"Walla Walla, WA",Metro
13153,"Houston County, Georgia",C4758,"Warner Robins, GA",Metro
13225,"Peach County, Georgia",C4758,"Warner Robins, GA",Metro
13235,"Pulaski County, Georgia",C4758,"Warner Robins, GA",Metro
11001,District of Columbia,C4790,"Washington-Arlington-Alexandria, DC-VA-MD-WV",Metro
24009,"Calvert County, Maryland",C4790,"Washington-Arlington-Alexandria, DC-VA-MD-WV",Metro
24017,"Charles County, Maryland",C4790,"Washington-Arlington-Alexandria, DC-VA-MD-WV",Metro
24021,"Frederick County, Maryland",C4790,"Washington-Arlington-Alexandria, DC-VA-MD-WV",Metro
24031,"Montgomery County, Maryland",C4790,"Washington-Arlington-Alexandria, DC-VA-MD-WV",Metro
24033,"Prince George's County, Maryland",C4790,"Washington-Arlington-Alexandria, DC-VA-MD-WV",Metro
51013,"Arlington County, Virginia",C4790,"Washington-Arlington-Alexandria, DC-VA-MD-WV",Metro
51043,"Clarke County, Virginia",C4790,"Washington-Arlington-Alexandria, DC-VA-MD-WV",Metro
51047,"Culpeper County, Virginia",C4790,"Washington-Arlington-Alexandria, DC-VA-MD-WV",Metro
51059,"Fairfax County, Virginia",C4790,"Washington-Arlington-Alexandria, DC-VA-MD-WV",Metro
51061,"Fauquier County, Virginia",C4790,"Washington-Arlington-Alexandria, DC-VA-MD-WV",Metro
51107,"Loudoun County, Virginia",C4790,"Washington-Arlington-Alexandria, DC-VA-MD-WV",Metro
51153,"Prince William County, Virginia",C4790,"Washington-Arlington-Alexandria, DC-VA-MD-WV",Metro
51157,"Rappahannock County, Virginia",C4790,"Washington-Arlington-Alexandria, DC-VA-MD-WV",Metro
51177,"Spotsylvania County, Virginia",C4790,"Washington-Arlington-Alexandria, DC-VA-MD-WV",Metro
51179,"Stafford County, Virginia",C4790,"Washington-Arlington-Alexandria, DC-VA-MD-WV",Metro
51187,"Warren County, Virginia",C4790,"Washington-Arlington-Alexandria, DC-VA-MD-WV",Metro
51510,"Alexandria City, Virginia",C4790,"Washington-Arlington-Alexandria, DC-VA-MD-WV",Metro
51600,"Fairfax City, Virginia",C4790,"Washington-Arlington-Alexandria, DC-VA-MD-WV",Metro
51610,"Falls Church City, Virginia",C4790,"Washington-Arlington-Alexandria, DC-VA-MD-WV",Metro
51630,"Fredericksburg City, Virginia",C4790,"Washington-Arlington-Alexandria, DC-VA-MD-WV",Metro
51683,"Manassas City, Virginia",C4790,"Washington-Arlington-Alexandria, DC-VA-MD-WV",Metro
51685,"Manassas Park City, Virginia",C4790,"Washington-Arlington-Alexandria, DC-VA-MD-WV",Metro
54037,"Jefferson County, West Virginia",C4790,"Washington-Arlington-Alexandria, DC-VA-MD-WV",Metro
19013,"Black Hawk County, Iowa",C4794,"Waterloo-Cedar Falls, IA",Metro
19017,"Bremer County, Iowa",C4794,"Waterloo-Cedar Falls, IA",Metro
19075,"Grundy County, Iowa",C4794,"Waterloo-Cedar Falls, IA",Metro
36045,"Jefferson County, New York",C4806,"Watertown-Fort Drum, NY",Metro
55073,"Marathon County, Wisconsin",C4814,"Wausau, WI",Metro
39081,"Jefferson County, Ohio",C4826,"Weirton-Steubenville, WV-OH",Metro
54009,"Brooke County, West Virginia",C4826,"Weirton-Steubenville, WV-OH",Metro
54029,"Hancock County, West Virginia",C4826,"Weirton-Steubenville, WV-OH",Metro
53007,"Chelan County, Washington",C4830,"Wenatchee, WA",Metro
53017,"Douglas County, Washington",C4830,"Wenatchee, WA",Metro
39013,"Belmont County, Ohio",C4854,"Wheeling, WV-OH",Metro
54051,"Marshall County, West Virginia",C4854,"Wheeling, WV-OH",Metro
54069,"Ohio County, West Virginia",C4854,"Wheeling, WV-OH",Metro
48009,"Archer County, Texas",C4866,"Wichita Falls, TX",Metro
48077,"Clay County, Texas",C4866,"Wichita Falls, TX",Metro
48485,"Wichita County, Texas",C4866,"Wichita Falls, TX",Metro
20015,"Butler County, Kansas",C4862,"Wichita, KS",Metro
20079,"Harvey County, Kansas",C4862,"Wichita, KS",Metro
20095,"Kingman County, Kansas",C4862,"Wichita, KS",Metro
20173,"Sedgwick County, Kansas",C4862,"Wichita, KS",Metro
20191,"Sumner County, Kansas",C4862,"Wichita, KS",Metro
42081,"Lycoming County, Pennsylvania",C4870,"Williamsport, PA",Metro
37129,"New Hanover County, North Carolina",C4890,"Wilmington, NC",Metro
37141,"Pender County, North Carolina",C4890,"Wilmington, NC",Metro
51069,"Frederick County, Virginia",C4902,"Winchester, VA-WV",Metro
51840,"Winchester City, Virginia",C4902,"Winchester, VA-WV",Metro
54027,"Hampshire County, West Virginia",C4902,"Winchester, VA-WV",Metro
37057,"Davidson County, North Carolina",C4918,"Winston-Salem, NC",Metro
37059,"Davie County, North Carolina",C4918,"Winston-Salem, NC",Metro
37067,"Forsyth County, North Carolina",C4918,"Winston-Salem, NC",Metro
37169,"Stokes County, North Carolina",C4918,"Winston-Salem, NC",Metro
37197,"Yadkin County, North Carolina",C4918,"Winston-Salem, NC",Metro
9015,"Windham County, Connecticut",C4934,"Worcester, MA-CT",Metro
25027,"Worcester County, Massachusetts",C4934,"Worcester, MA-CT",Metro
53077,"Yakima County, Washington",C4942,"Yakima, WA",Metro
42133,"York County, Pennsylvania",C4962,"York-Hanover, PA",Metro
39099,"Mahoning County, Ohio",C4966,"Youngstown-Warren-Boardman, OH-PA",Metro
39155,"Trumbull County, Ohio",C4966,"Youngstown-Warren-Boardman, OH-PA",Metro
42085,"Mercer County, Pennsylvania",C4966,"Youngstown-Warren-Boardman, OH-PA",Metro
6101,"Sutter County, California",C4970,"Yuba City, CA",Metro
6115,"Yuba County, California",C4970,"Yuba City, CA",Metro
4027,"Yuma County, Arizona",C4974,"Yuma, AZ",Metro
